Workbook

Sheet Leaves
A1: PELOZDEN RSS INC.
A2: ID NO. | B2: LAST NAME | C2: FIRST NAME | D2: MIDDLE NAME | E2: DATE HIRED | F2: Regularization date | G2: EMPLOYMENT STATUS | H2: Sick Leave | I2: Vacation Leave | J2: Service Incentive Leave | K2: Available Sick Leave | L2: Available Vacation Leave | M2: Available Service Incentive Leave
A3: 0008 | B3: ANTONIO | C3: VINCENT KEVIN | D3: SANTOS | E3: 44796 | F3: =Table1[[#This Row],[DATE HIRED]]+184 -> 44980 | G3: REGULAR
A4: 0011 | B4: DELA CRUZ | C4: SHAINA | D4: DIMAYUGO | E4: 44796 | F4: =Table1[[#This Row],[DATE HIRED]]+184 -> 44980 | G4: REGULAR
A5: 0015 | B5: JOSAFAT | C5: RENALYN | D5: ABAMO | E5: 44798 | F5: =Table1[[#This Row],[DATE HIRED]]+184 -> 44982 | G5: REGULAR
A6: 0013 | B6: GALGO | C6: CEDRICK | D6: CRUZ | E6: 44805 | F6: =Table1[[#This Row],[DATE HIRED]]+181 -> 44986 | G6: REGULAR
A7: 0018 | B7: OTSUKA | C7: SHIGERU | D7: CENTINA | E7: 44805 | F7: =Table1[[#This Row],[DATE HIRED]]+181 -> 44986 | G7: REGULAR
A8: 0007 | B8: ALIMURONG | C8: JOEL | D8: LUSUNG | E8: 44810 | F8: =Table1[[#This Row],[DATE HIRED]]+181 -> 44991 | G8: REGULAR
A9: 0012 | B9: FERNANDEZ | C9: FRANCIS EMMANUEL | D9: VELOSO | E9: 44823 | F9: =Table1[[#This Row],[DATE HIRED]]+181 -> 45004 | G9: REGULAR
A10: 0009 | B10: CASTRO | C10: AIZEL | D10: SANTOS | E10: 44830 | F10: =Table1[[#This Row],[DATE HIRED]]+181 -> 45011 | G10: REGULAR
A11: 0010 | B11: COLIS | C11: REYMARK BRYAN | D11: SILVANO | E11: 44830 | F11: =Table1[[#This Row],[DATE HIRED]]+181 -> 45011 | G11: REGULAR
A12: 0004 | B12: SARTHOU | C12: IAN MICHAEL LOUIE | D12: ALEGA | E12: 44963 | F12: =Table1[[#This Row],[DATE HIRED]]+150 -> 45113 | G12: REGULAR
A13: 0019 | B13: RONQUILLO | C13: RHEGENE | D13: INGAT | E13: 45028 | F13: =Table1[[#This Row],[DATE HIRED]]+180 -> 45208 | G13: REGULAR
A14: 0020 | B14: SORIANO | C14: MARY ANN | D14: VALLEJOS | E14: 45028 | F14: =Table1[[#This Row],[DATE HIRED]]+180 -> 45208 | G14: REGULAR
A15: 0014 | B15: GATBONTON | C15: BEVERLY | D15: TALOBAN | E15: 45030 | F15: =Table1[[#This Row],[DATE HIRED]]+180 -> 45210 | G15: REGULAR
A16: 0016 | B16: MALINAO | C16: ROGELIO | D16: DELA PENA | E16: 45040 | F16: =Table1[[#This Row],[DATE HIRED]]+180 -> 45220 | G16: REGULAR
A17: 0005 | B17: AGAS | C17: JILLIAN | D17: LAO | E17: 45048 | F17: =Table1[[#This Row],[DATE HIRED]]+180 -> 45228 | G17: REGULAR
A18: 0017 | B18: NAVALON | C18: EVANEL | D18: CAACBAY | E18: 45048 | F18: =Table1[[#This Row],[DATE HIRED]]+180 -> 45228 | G18: REGULAR
A19: 0006 | B19: AGUILAR | C19: IAN MYCO | E19: 45056 | F19: =Table1[[#This Row],[DATE HIRED]]+180 -> 45236 | G19: REGULAR
A20: 0021 | B20: MATAGA | C20: EDITH | D20: DAVID | E20: 45110 | F20: =Table1[[#This Row],[DATE HIRED]]+180 -> 45290 | G20: PROBATIONARY
A21: 0022 | B21: BENALLA | C21: RENNECA | D21: Villapaña | E21: 45110 | F21: =Table1[[#This Row],[DATE HIRED]]+180 -> 45290 | G21: PROBATIONARY
A22: 0023 | B22: OCAMPO | C22: ALFRED | D22: Naguit | E22: 45110 | F22: =Table1[[#This Row],[DATE HIRED]]+180 -> 45290 | G22: PROBATIONARY
A23: 0024 | B23: CARO | C23: ROEL | D23: MALONZO | E23: 45110 | F23: =Table1[[#This Row],[DATE HIRED]]+180 -> 45290 | G23: PROBATIONARY
A24: 0025 | B24: EMBUSCADO | C24: EVER | D24: A | E24: 45139 | F24: =Table1[[#This Row],[DATE HIRED]]+180 -> 45319 | G24: PROBATIONARY
A25: 0026 | B25: TRINIDAD | C25: JENNIFER | D25: M | E25: 45145 | F25: =Table1[[#This Row],[DATE HIRED]]+180 -> 45325 | G25: PROBATIONARY
A26: 0027 | B26: MENDOZA | C26: SEAN JUSTINE | D26: F | E26: 45154 | F26: =Table1[[#This Row],[DATE HIRED]]+180 -> 45334 | G26: PROBATIONARY
A27: 0028 | B27: GATBONTON | C27: ANALIZA | D27: TALOBAN | E27: 45159 | F27: =Table1[[#This Row],[DATE HIRED]]+180 -> 45339 | G27: PROBATIONARY
A28: 0029 | B28: BASILIO | C28: ABIGAIL ANN | D28: Q | E28: 45159 | F28: =Table1[[#This Row],[DATE HIRED]]+180 -> 45339 | G28: PROBATIONARY
A29: 0030 | B29: CRISANTO | C29: ELRITZ | D29: T | E29: 45159 | F29: =Table1[[#This Row],[DATE HIRED]]+180 -> 45339 | G29: PROBATIONARY
A30: 0031 | B30: PABILLANO | C30: FRANKLIN ROOS | D30: C | E30: 45233 | F30: =Table1[[#This Row],[DATE HIRED]]+180 -> 45413 | G30: PROBATIONARY
F31: =Table1[[#This Row],[DATE HIRED]]+160 -> 160

Sheet 2023 ACCRUAL
A1: NAME | D1: Leave Credits from OCC YR 2022 | E1: YR 2023 TOTAL | F1: JAN.2023 | H1: FEB.2023 | J1: MAR.2023 | L1: APR.2023 | N1: MAY.2023 | P1: JUN.2023 | R1: JUL.2023 | T1: AUG.2023 | V1: SEPT.2023 | X1: OCT.2023 | Z1: NOV.2023 | AB1: DEC.2023 | AD1: REMAINING LEAVE (2023)
F2: Consumed | G2: Remaining | H2: Consumed | I2: Remaining | J2: Consumed | K2: Remaining | L2: Consumed | M2: Remaining | N2: Consumed | O2: Remaining | P2: Consumed | Q2: Remaining | R2: Consumed | S2: Remaining | T2: Consumed | U2: Remaining | V2: Consumed | W2: Remaining | X2: Consumed | Y2: Remaining | Z2: Consumed | AA2: Remaining | AB2: Consumed | AC2: Remaining
A3: ANTONIO, VINCENT KEVIN SANTOS
C4: Vacation Leave | D4: 5 | E4: 15 | G4: =$E4/12-F4+D4 -> 6.25 | I4: =$E4/12+G4-H4 -> 7.5 | J4: 1 | K4: =$E4/12+I4-J4 -> 7.75 | L4: 1 | M4: =$E4/12+K4-L4 -> 8 | O4: =$E4/12+M4-N4 -> 9.25 | Q4: =$E4/12+O4-P4 -> 10.5 | R4: 1 | S4: =$E4/12+Q4-R4 -> 10.75 | U4: =$E4/12+S4-T4 -> 12 | V4: 2 | W4: =$E4/12+U4-V4 -> 11.25 | Y4: =$E4/12+W4-X4 -> 12.5 | AA4: =$E4/12+Y4-Z4 -> 13.75 | AB4: 4 | AC4: =$E4/12+AA4-AB4 -> 11 | AD4: VL | AE4: =AC4 -> 11
C5: Sick Leave | D5: 1.68 | E5: 5 | G5: =$E5/12-F5+D5 -> 2.0966667 | I5: =$E5/12+G5-H5 -> 2.5133333 | K5: =$E5/12+I5-J5 -> 2.93 | M5: =$E5/12+K5-L5 -> 3.3466667 | O5: =$E5/12+M5-N5 -> 3.7633333 | P5: 1 | Q5: =$E5/12+O5-P5 -> 3.18 | S5: =$E5/12+Q5-R5 -> 3.5966667 | U5: =$E5/12+S5-T5 -> 4.0133333 | W5: =$E5/12+U5-V5 -> 4.43 | Y5: =$E5/12+W5-X5 -> 4.8466667 | AA5: =$E5/12+Y5-Z5 -> 5.2633333 | AC5: =$E5/12+AA5-AB5 -> 5.68 | AD5: SL | AE5: =AC5 -> 5.68
A6: DELA CRUZ, SHAINA DIMAYUGO
C7: Vacation Leave | D7: 5 | E7: 15 | G7: =$E7/12-F7+D7 -> 6.25 | I7: =$E7/12+G7-H7 -> 7.5 | J7: 1 | K7: =$E7/12+I7-J7 -> 7.75 | M7: =$E7/12+K7-L7 -> 9 | O7: =$E7/12+M7-N7 -> 10.25 | P7: 2 | Q7: =$E7/12+O7-P7 -> 9.5 | R7: 1 | S7: =$E7/12+Q7-R7 -> 9.75 | T7: 3 | U7: =$E7/12+S7-T7 -> 8 | W7: =$E7/12+U7-V7 -> 9.25 | Y7: =$E7/12+W7-X7 -> 10.5 | Z7: 2 | AA7: =$E7/12+Y7-Z7 -> 9.75 | AB7: 8 | AC7: =$E7/12+AA7-AB7 -> 3 | AD7: VL | AE7: =AC7 -> 3
C8: Sick Leave | D8: 0.42 | E8: 5 | G8: =$E8/12-F8+D8 -> 0.83666667 | I8: =$E8/12+G8-H8 -> 1.2533333 | J8: 1 | K8: =$E8/12+I8-J8 -> 0.67 | M8: =$E8/12+K8-L8 -> 1.0866667 | O8: =$E8/12+M8-N8 -> 1.5033333 | Q8: =$E8/12+O8-P8 -> 1.92 | S8: =$E8/12+Q8-R8 -> 2.3366667 | U8: =$E8/12+S8-T8 -> 2.7533333 | V8: 1 | W8: =$E8/12+U8-V8 -> 2.17 | Y8: =$E8/12+W8-X8 -> 2.5866667 | AA8: =$E8/12+Y8-Z8 -> 3.0033333 | AC8: =$E8/12+AA8-AB8 -> 3.42 | AD8: SL | AE8: =AC8 -> 3.42
A9: JOSAFAT, RENALYN
C10: Vacation Leave | D10: 5 | E10: 15 | G10: =$E10/12-F10+D10 -> 6.25 | I10: =$E10/12+G10-H10 -> 7.5 | J10: 1 | K10: =$E10/12+I10-J10 -> 7.75 | M10: =$E10/12+K10-L10 -> 9 | O10: =$E10/12+M10-N10 -> 10.25 | P10: 2 | Q10: =$E10/12+O10-P10 -> 9.5 | S10: =$E10/12+Q10-R10 -> 10.75 | U10: =$E10/12+S10-T10 -> 12 | W10: =$E10/12+U10-V10 -> 13.25 | Y10: =$E10/12+W10-X10 -> 14.5 | AA10: =$E10/12+Y10-Z10 -> 15.75 | AB10: 10 | AC10: =$E10/12+AA10-AB10 -> 7 | AD10: VL | AE10: =AC10 -> 7
C11: Sick Leave | D11: 1.68 | E11: 5 | G11: =$E11/12-F11+D11 -> 2.0966667 | I11: =$E11/12+G11-H11 -> 2.5133333 | J11: 1 | K11: =$E11/12+I11-J11 -> 1.93 | L11: 1 | M11: =$E11/12+K11-L11 -> 1.3466667 | N11: 1 | O11: =$E11/12+M11-N11 -> 0.76333333 | Q11: =$E11/12+O11-P11 -> 1.18 | R11: 1 | S11: =$E11/12+Q11-R11 -> 0.59666667 | T11: 1 | U11: =$E11/12+S11-T11 -> 0.013333333 | V11: 2 | W11: =$E11/12+U11-V11 -> -1.57 | Y11: =$E11/12+W11-X11 -> -1.1533333 | AA11: =$E11/12+Y11-Z11 -> -0.73666667 | AC11: =$E11/12+AA11-AB11 -> -0.32 | AD11: SL | AE11: =AC11 -> -0.32
A12: GALGO, CEDRICK CRUZ
C13: Vacation Leave | D13: 5 | E13: 15 | G13: =$E13/12-F13+D13 -> 6.25 | I13: =$E13/12+G13-H13 -> 7.5 | K13: =$E13/12+I13-J13 -> 8.75 | L13: 2 | M13: =$E13/12+K13-L13 -> 8 | O13: =$E13/12+M13-N13 -> 9.25 | P13: 0.5 | Q13: =$E13/12+O13-P13 -> 10 | R13: 1 | S13: =$E13/12+Q13-R13 -> 10.25 | U13: =$E13/12+S13-T13 -> 11.5 | W13: =$E13/12+U13-V13 -> 12.75 | Y13: =$E13/12+W13-X13 -> 14 | Z13: 1 | AA13: =$E13/12+Y13-Z13 -> 14.25 | AB13: 3 | AC13: =$E13/12+AA13-AB13 -> 12.5 | AD13: VL | AE13: =AC13 -> 12.5
C14: Sick Leave | D14: 1.68 | E14: 5 | G14: =$E14/12-F14+D14 -> 2.0966667 | I14: =$E14/12+G14-H14 -> 2.5133333 | K14: =$E14/12+I14-J14 -> 2.93 | M14: =$E14/12+K14-L14 -> 3.3466667 | O14: =$E14/12+M14-N14 -> 3.7633333 | Q14: =$E14/12+O14-P14 -> 4.18 | S14: =$E14/12+Q14-R14 -> 4.5966667 | U14: =$E14/12+S14-T14 -> 5.0133333 | V14: 2 | W14: =$E14/12+U14-V14 -> 3.43 | Y14: =$E14/12+W14-X14 -> 3.8466667 | AA14: =$E14/12+Y14-Z14 -> 4.2633333 | AC14: =$E14/12+AA14-AB14 -> 4.68 | AD14: SL | AE14: =AC14 -> 4.68
A15: OTSUKA, SHIGERU CENTINA
C16: Vacation Leave | D16: 5 | E16: 15 | G16: =$E16/12-F16+D16 -> 6.25 | I16: =$E16/12+G16-H16 -> 7.5 | K16: =$E16/12+I16-J16 -> 8.75 | M16: =$E16/12+K16-L16 -> 10 | N16: 0.5 | O16: =$E16/12+M16-N16 -> 10.75 | Q16: =$E16/12+O16-P16 -> 12 | S16: =$E16/12+Q16-R16 -> 13.25 | U16: =$E16/12+S16-T16 -> 14.5 | V16: 2 | W16: =$E16/12+U16-V16 -> 13.75 | X16: 2 | Y16: =$E16/12+W16-X16 -> 13 | AA16: =$E16/12+Y16-Z16 -> 14.25 | AB16: 8 | AC16: =$E16/12+AA16-AB16 -> 7.5 | AD16: VL | AE16: =AC16 -> 7.5
C17: Sick Leave | D17: 1.68 | E17: 5 | G17: =$E17/12-F17+D17 -> 2.0966667 | I17: =$E17/12+G17-H17 -> 2.5133333 | J17: 1 | K17: =$E17/12+I17-J17 -> 1.93 | L17: 1 | M17: =$E17/12+K17-L17 -> 1.3466667 | O17: =$E17/12+M17-N17 -> 1.7633333 | Q17: =$E17/12+O17-P17 -> 2.18 | S17: =$E17/12+Q17-R17 -> 2.5966667 | T17: 1 | U17: =$E17/12+S17-T17 -> 2.0133333 | V17: 1 | W17: =$E17/12+U17-V17 -> 1.43 | Y17: =$E17/12+W17-X17 -> 1.8466667 | AA17: =$E17/12+Y17-Z17 -> 2.2633333 | AC17: =$E17/12+AA17-AB17 -> 2.68 | AD17: SL | AE17: =AC17 -> 2.68
A18: ALIMURONG, JOEL LUSUNG
C19: Vacation Leave | D19: 3.75 | E19: 15 | G19: =$E19/12-F19+D19 -> 5 | I19: =$E19/12+G19-H19 -> 6.25 | K19: =$E19/12+I19-J19 -> 7.5 | M19: =$E19/12+K19-L19 -> 8.75 | O19: =$E19/12+M19-N19 -> 10 | Q19: =$E19/12+O19-P19 -> 11.25 | S19: =$E19/12+Q19-R19 -> 12.5 | U19: =$E19/12+S19-T19 -> 13.75 | W19: =$E19/12+U19-V19 -> 15 | Y19: =$E19/12+W19-X19 -> 16.25 | AA19: =$E19/12+Y19-Z19 -> 17.5 | AB19: 8 | AC19: =$E19/12+AA19-AB19 -> 10.75 | AD19: VL | AE19: =AC19 -> 10.75
C20: Sick Leave | D20: 1.26 | E20: 5 | G20: =$E20/12-F20+D20 -> 1.6766667 | I20: =$E20/12+G20-H20 -> 2.0933333 | K20: =$E20/12+I20-J20 -> 2.51 | M20: =$E20/12+K20-L20 -> 2.9266667 | O20: =$E20/12+M20-N20 -> 3.3433333 | Q20: =$E20/12+O20-P20 -> 3.76 | S20: =$E20/12+Q20-R20 -> 4.1766667 | U20: =$E20/12+S20-T20 -> 4.5933333 | W20: =$E20/12+U20-V20 -> 5.01 | Y20: =$E20/12+W20-X20 -> 5.4266667 | AA20: =$E20/12+Y20-Z20 -> 5.8433333 | AC20: =$E20/12+AA20-AB20 -> 6.26 | AD20: SL | AE20: =AC20 -> 6.26
A21: FERNANDEZ, FRANCIS EMMANUEL VELOSO
C22: Vacation Leave | D22: 3.75 | E22: 15 | G22: =$E22/12-F22+D22 -> 5 | I22: =$E22/12+G22-H22 -> 6.25 | K22: =$E22/12+I22-J22 -> 7.5 | L22: 1 | M22: =$E22/12+K22-L22 -> 7.75 | N22: 5 | O22: =$E22/12+M22-N22 -> 4 | Q22: =$E22/12+O22-P22 -> 5.25 | S22: =$E22/12+Q22-R22 -> 6.5 | U22: =$E22/12+S22-T22 -> 7.75 | V22: 0.5 | W22: =$E22/12+U22-V22 -> 8.5 | Y22: =$E22/12+W22-X22 -> 9.75 | AA22: =$E22/12+Y22-Z22 -> 11 | AB22: 3 | AC22: =$E22/12+AA22-AB22 -> 9.25 | AD22: VL | AE22: =AC22 -> 9.25
C23: Sick Leave | D23: 1.26 | E23: 5 | G23: =$E23/12-F23+D23 -> 1.6766667 | I23: =$E23/12+G23-H23 -> 2.0933333 | J23: 1 | K23: =$E23/12+I23-J23 -> 1.51 | M23: =$E23/12+K23-L23 -> 1.9266667 | N23: 1 | O23: =$E23/12+M23-N23 -> 1.3433333 | Q23: =$E23/12+O23-P23 -> 1.76 | S23: =$E23/12+Q23-R23 -> 2.1766667 | U23: =$E23/12+S23-T23 -> 2.5933333 | W23: =$E23/12+U23-V23 -> 3.01 | X23: 3 | Y23: =$E23/12+W23-X23 -> 0.42666667 | AA23: =$E23/12+Y23-Z23 -> 0.84333333 | AC23: =$E23/12+AA23-AB23 -> 1.26 | AD23: SL | AE23: =AC23 -> 1.26
A24: CASTRO, AIZEL SANTOS
C25: Vacation Leave | D25: 3.75 | E25: 15 | G25: =$E25/12-F25+D25 -> 5 | I25: =$E25/12+G25-H25 -> 6.25 | J25: 1.5 | K25: =$E25/12+I25-J25 -> 6 | L25: 1 | M25: =$E25/12+K25-L25 -> 6.25 | O25: =$E25/12+M25-N25 -> 7.5 | Q25: =$E25/12+O25-P25 -> 8.75 | S25: =$E25/12+Q25-R25 -> 10 | U25: =$E25/12+S25-T25 -> 11.25 | W25: =$E25/12+U25-V25 -> 12.5 | Y25: =$E25/12+W25-X25 -> 13.75 | AA25: =$E25/12+Y25-Z25 -> 15 | AB25: 3 | AC25: =$E25/12+AA25-AB25 -> 13.25 | AD25: VL | AE25: =AC25 -> 13.25
C26: Sick Leave | D26: 1.26 | E26: 5 | G26: =$E26/12-F26+D26 -> 1.6766667 | I26: =$E26/12+G26-H26 -> 2.0933333 | K26: =$E26/12+I26-J26 -> 2.51 | M26: =$E26/12+K26-L26 -> 2.9266667 | O26: =$E26/12+M26-N26 -> 3.3433333 | Q26: =$E26/12+O26-P26 -> 3.76 | S26: =$E26/12+Q26-R26 -> 4.1766667 | T26: 1 | U26: =$E26/12+S26-T26 -> 3.5933333 | W26: =$E26/12+U26-V26 -> 4.01 | X26: 2 | Y26: =$E26/12+W26-X26 -> 2.4266667 | Z26: 4 | AA26: =$E26/12+Y26-Z26 -> -1.1566667 | AC26: =$E26/12+AA26-AB26 -> -0.74 | AD26: SL | AE26: =AC26 -> -0.74
A27: COLIS, REYMARK BRYAN SILVANO
C28: Vacation Leave | D28: 3.75 | E28: 15 | G28: =$E28/12-F28+D28 -> 5 | I28: =$E28/12+G28-H28 -> 6.25 | K28: =$E28/12+I28-J28 -> 7.5 | M28: =$E28/12+K28-L28 -> 8.75 | N28: 3 | O28: =$E28/12+M28-N28 -> 7 | Q28: =$E28/12+O28-P28 -> 8.25 | S28: =$E28/12+Q28-R28 -> 9.5 | U28: =$E28/12+S28-T28 -> 10.75 | V28: 2 | W28: =$E28/12+U28-V28 -> 10 | Y28: =$E28/12+W28-X28 -> 11.25 | Z28: 1 | AA28: =$E28/12+Y28-Z28 -> 11.5 | AB28: 6 | AC28: =$E28/12+AA28-AB28 -> 6.75 | AD28: VL | AE28: =AC28 -> 6.75
C29: Sick Leave | D29: 1.26 | E29: 5 | G29: =$E29/12-F29+D29 -> 1.6766667 | I29: =$E29/12+G29-H29 -> 2.0933333 | K29: =$E29/12+I29-J29 -> 2.51 | M29: =$E29/12+K29-L29 -> 2.9266667 | O29: =$E29/12+M29-N29 -> 3.3433333 | Q29: =$E29/12+O29-P29 -> 3.76 | S29: =$E29/12+Q29-R29 -> 4.1766667 | U29: =$E29/12+S29-T29 -> 4.5933333 | W29: =$E29/12+U29-V29 -> 5.01 | Y29: =$E29/12+W29-X29 -> 5.4266667 | AA29: =$E29/12+Y29-Z29 -> 5.8433333 | AC29: =$E29/12+AA29-AB29 -> 6.26 | AD29: SL | AE29: =AC29 -> 6.26
A30: SARTHOU, IAN MICHAEL LOUIE ALEGA
C31: Vacation Leave | E31: 15 | I31: =$E31/12+G31-H31 -> 1.25 | K31: =$E31/12+I31-J31 -> 2.5 | M31: =$E31/12+K31-L31 -> 3.75 | O31: =$E31/12+M31-N31 -> 5 | Q31: =$E31/12+O31-P31 -> 6.25 | S31: =$E31/12+Q31-R31 -> 7.5 | U31: =$E31/12+S31-T31 -> 8.75 | W31: =$E31/12+U31-V31 -> 10 | Y31: =$E31/12+W31-X31 -> 11.25 | AA31: =$E31/12+Y31-Z31 -> 12.5 | AB31: 7 | AC31: =$E31/12+AA31-AB31 -> 6.75 | AD31: VL | AE31: =AC31 -> 6.75
C32: Sick Leave | E32: 5 | I32: =$E32/12+G32-H32 -> 0.41666667 | K32: =$E32/12+I32-J32 -> 0.83333333 | M32: =$E32/12+K32-L32 -> 1.25 | O32: =$E32/12+M32-N32 -> 1.6666667 | Q32: =$E32/12+O32-P32 -> 2.0833333 | S32: =$E32/12+Q32-R32 -> 2.5 | U32: =$E32/12+S32-T32 -> 2.9166667 | W32: =$E32/12+U32-V32 -> 3.3333333 | Y32: =$E32/12+W32-X32 -> 3.75 | AA32: =$E32/12+Y32-Z32 -> 4.1666667 | AC32: =$E32/12+AA32-AB32 -> 4.5833333 | AD32: SL | AE32: =AC32 -> 4.5833333
A33: RONQUILLO, RHEGENE INGAT
C34: Vacation Leave | E34: 15 | M34: =$E34/12+K34-L34 -> 1.25 | O34: =$E34/12+M34-N34 -> 2.5 | Q34: =$E34/12+O34-P34 -> 3.75 | S34: =$E34/12+Q34-R34 -> 5 | U34: =$E34/12+S34-T34 -> 6.25 | W34: =$E34/12+U34-V34 -> 7.5 | Y34: =$E34/12+W34-X34 -> 8.75 | Z34: 1 | AA34: =$E34/12+Y34-Z34 -> 9 | AB34: 3 | AC34: =$E34/12+AA34-AB34 -> 7.25 | AD34: VL | AE34: =AC34 -> 7.25
C35: Sick Leave | E35: 5 | M35: =$E35/12+K35-L35 -> 0.41666667 | O35: =$E35/12+M35-N35 -> 0.83333333 | Q35: =$E35/12+O35-P35 -> 1.25 | S35: =$E35/12+Q35-R35 -> 1.6666667 | U35: =$E35/12+S35-T35 -> 2.0833333 | W35: =$E35/12+U35-V35 -> 2.5 | X35: 1 | Y35: =$E35/12+W35-X35 -> 1.9166667 | AA35: =$E35/12+Y35-Z35 -> 2.3333333 | AC35: =$E35/12+AA35-AB35 -> 2.75 | AD35: SL | AE35: =AC35 -> 2.75
A36: SORIANO, MARY ANN VALLEJOS
C37: Vacation Leave | E37: 15 | M37: =$E37/12+K37-L37 -> 1.25 | O37: =$E37/12+M37-N37 -> 2.5 | Q37: =$E37/12+O37-P37 -> 3.75 | S37: =$E37/12+Q37-R37 -> 5 | U37: =$E37/12+S37-T37 -> 6.25 | W37: =$E37/12+U37-V37 -> 7.5 | Y37: =$E37/12+W37-X37 -> 8.75 | Z37: 2 | AA37: =$E37/12+Y37-Z37 -> 8 | AB37: 5 | AC37: =$E37/12+AA37-AB37 -> 4.25 | AD37: VL | AE37: =AC37 -> 4.25
C38: Sick Leave | E38: 5 | M38: =$E38/12+K38-L38 -> 0.41666667 | O38: =$E38/12+M38-N38 -> 0.83333333 | Q38: =$E38/12+O38-P38 -> 1.25 | S38: =$E38/12+Q38-R38 -> 1.6666667 | U38: =$E38/12+S38-T38 -> 2.0833333 | W38: =$E38/12+U38-V38 -> 2.5 | Y38: =$E38/12+W38-X38 -> 2.9166667 | AA38: =$E38/12+Y38-Z38 -> 3.3333333 | AC38: =$E38/12+AA38-AB38 -> 3.75 | AD38: SL | AE38: =AC38 -> 3.75
A39: GATBONTON, BEVERLY TALOBAN
C40: Vacation Leave | E40: 15 | L40: 0.5 | M40: =$E40/12+K40-L40 -> 0.75 | O40: =$E40/12+M40-N40 -> 2 | Q40: =$E40/12+O40-P40 -> 3.25 | S40: =$E40/12+Q40-R40 -> 4.5 | U40: =$E40/12+S40-T40 -> 5.75 | W40: =$E40/12+U40-V40 -> 7 | Y40: =$E40/12+W40-X40 -> 8.25 | AA40: =$E40/12+Y40-Z40 -> 9.5 | AB40: 5 | AC40: =$E40/12+AA40-AB40 -> 5.75 | AD40: VL | AE40: =AC40 -> 5.75
C41: Sick Leave | E41: 5 | M41: =$E41/12+K41-L41 -> 0.41666667 | O41: =$E41/12+M41-N41 -> 0.83333333 | Q41: =$E41/12+O41-P41 -> 1.25 | S41: =$E41/12+Q41-R41 -> 1.6666667 | T41: 1 | U41: =$E41/12+S41-T41 -> 1.0833333 | W41: =$E41/12+U41-V41 -> 1.5 | X41: 1 | Y41: =$E41/12+W41-X41 -> 0.91666667 | AA41: =$E41/12+Y41-Z41 -> 1.3333333 | AC41: =$E41/12+AA41-AB41 -> 1.75 | AD41: SL | AE41: =AC41 -> 1.75
A42: MALINAO, ROGELIO DELA PENA
C43: Vacation Leave | E43: 15 | M43: =$E43/12+K43-L43 -> 1.25 | O43: =$E43/12+M43-N43 -> 2.5 | Q43: =$E43/12+O43-P43 -> 3.75 | S43: =$E43/12+Q43-R43 -> 5 | U43: =$E43/12+S43-T43 -> 6.25 | W43: =$E43/12+U43-V43 -> 7.5 | Y43: =$E43/12+W43-X43 -> 8.75 | Z43: 1 | AA43: =$E43/12+Y43-Z43 -> 9 | AB43: 5 | AC43: =$E43/12+AA43-AB43 -> 5.25 | AD43: VL | AE43: =AC43 -> 5.25
C44: Sick Leave | E44: 5 | M44: =$E44/12+K44-L44 -> 0.41666667 | O44: =$E44/12+M44-N44 -> 0.83333333 | Q44: =$E44/12+O44-P44 -> 1.25 | S44: =$E44/12+Q44-R44 -> 1.6666667 | U44: =$E44/12+S44-T44 -> 2.0833333 | W44: =$E44/12+U44-V44 -> 2.5 | Y44: =$E44/12+W44-X44 -> 2.9166667 | Z44: 1 | AA44: =$E44/12+Y44-Z44 -> 2.3333333 | AC44: =$E44/12+AA44-AB44 -> 2.75 | AD44: SL | AE44: =AC44 -> 2.75
A45: AGAS, JILLIAN LAO
C46: Vacation Leave | E46: 15 | O46: =$E46/12+M46-N46 -> 1.25 | Q46: =$E46/12+O46-P46 -> 2.5 | S46: =$E46/12+Q46-R46 -> 3.75 | U46: =$E46/12+S46-T46 -> 5 | W46: =$E46/12+U46-V46 -> 6.25 | Y46: =$E46/12+W46-X46 -> 7.5 | Z46: 1 | AA46: =$E46/12+Y46-Z46 -> 7.75 | AB46: 3 | AC46: =$E46/12+AA46-AB46 -> 6 | AD46: VL | AE46: =AC46 -> 6
C47: Sick Leave | E47: 5 | O47: =$E47/12+M47-N47 -> 0.41666667 | Q47: =$E47/12+O47-P47 -> 0.83333333 | S47: =$E47/12+Q47-R47 -> 1.25 | U47: =$E47/12+S47-T47 -> 1.6666667 | W47: =$E47/12+U47-V47 -> 2.0833333 | Y47: =$E47/12+W47-X47 -> 2.5 | AA47: =$E47/12+Y47-Z47 -> 2.9166667 | AC47: =$E47/12+AA47-AB47 -> 3.3333333 | AD47: SL | AE47: =AC47 -> 3.3333333
A48: NAVALON, EVANEL CAACBAY
C49: Vacation Leave | E49: 15 | O49: =$E49/12+M49-N49 -> 1.25 | Q49: =$E49/12+O49-P49 -> 2.5 | S49: =$E49/12+Q49-R49 -> 3.75 | U49: =$E49/12+S49-T49 -> 5 | W49: =$E49/12+U49-V49 -> 6.25 | Y49: =$E49/12+W49-X49 -> 7.5 | AA49: =$E49/12+Y49-Z49 -> 8.75 | AC49: =$E49/12+AA49-AB49 -> 10 | AD49: VL | AE49: =AC49 -> 10
C50: Sick Leave | E50: 5 | O50: =$E50/12+M50-N50 -> 0.41666667 | Q50: =$E50/12+O50-P50 -> 0.83333333 | S50: =$E50/12+Q50-R50 -> 1.25 | U50: =$E50/12+S50-T50 -> 1.6666667 | W50: =$E50/12+U50-V50 -> 2.0833333 | Y50: =$E50/12+W50-X50 -> 2.5 | AA50: =$E50/12+Y50-Z50 -> 2.9166667 | AC50: =$E50/12+AA50-AB50 -> 3.3333333 | AD50: SL | AE50: =AC50 -> 3.3333333
A51: AGUILAR, IAN MYCO
C52: Vacation Leave | E52: 15 | O52: =$E52/12+M52-N52 -> 1.25 | Q52: =$E52/12+O52-P52 -> 2.5 | S52: =$E52/12+Q52-R52 -> 3.75 | U52: =$E52/12+S52-T52 -> 5 | W52: =$E52/12+U52-V52 -> 6.25 | Y52: =$E52/12+W52-X52 -> 7.5 | AA52: =$E52/12+Y52-Z52 -> 8.75 | AB52: 3 | AC52: =$E52/12+AA52-AB52 -> 7 | AD52: VL | AE52: =AC52 -> 7
C53: Sick Leave | E53: 5 | O53: =$E53/12+M53-N53 -> 0.41666667 | Q53: =$E53/12+O53-P53 -> 0.83333333 | S53: =$E53/12+Q53-R53 -> 1.25 | U53: =$E53/12+S53-T53 -> 1.6666667 | W53: =$E53/12+U53-V53 -> 2.0833333 | Y53: =$E53/12+W53-X53 -> 2.5 | AA53: =$E53/12+Y53-Z53 -> 2.9166667 | AC53: =$E53/12+AA53-AB53 -> 3.3333333 | AD53: SL | AE53: =AC53 -> 3.3333333
A55: MATAGA, EDITH DAVID
C56: Vacation Leave | E56: 15 | S56: =$E56/12+Q56-R56 -> 1.25 | U56: =$E56/12+S56-T56 -> 2.5 | W56: =$E56/12+U56-V56 -> 3.75 | Y56: =$E56/12+W56-X56 -> 5 | AA56: =$E56/12+Y56-Z56 -> 6.25 | AC56: =$E56/12+AA56-AB56 -> 7.5 | AD56: VL | AE56: =AC56 -> 7.5
C57: Sick Leave | E57: 5 | S57: =$E57/12+Q57-R57 -> 0.41666667 | U57: =$E57/12+S57-T57 -> 0.83333333 | W57: =$E57/12+U57-V57 -> 1.25 | Y57: =$E57/12+W57-X57 -> 1.6666667 | AA57: =$E57/12+Y57-Z57 -> 2.0833333 | AC57: =$E57/12+AA57-AB57 -> 2.5 | AD57: SL | AE57: =AC57 -> 2.5
A58: BENALLA, RENNECA Villapaña
C59: Vacation Leave | E59: 15 | S59: =$E59/12+Q59-R59 -> 1.25 | U59: =$E59/12+S59-T59 -> 2.5 | W59: =$E59/12+U59-V59 -> 3.75 | Y59: =$E59/12+W59-X59 -> 5 | AA59: =$E59/12+Y59-Z59 -> 6.25 | AC59: =$E59/12+AA59-AB59 -> 7.5 | AD59: VL | AE59: =AC59 -> 7.5
C60: Sick Leave | E60: 5 | S60: =$E60/12+Q60-R60 -> 0.41666667 | U60: =$E60/12+S60-T60 -> 0.83333333 | W60: =$E60/12+U60-V60 -> 1.25 | Y60: =$E60/12+W60-X60 -> 1.6666667 | AA60: =$E60/12+Y60-Z60 -> 2.0833333 | AC60: =$E60/12+AA60-AB60 -> 2.5 | AD60: SL | AE60: =AC60 -> 2.5
A61: OCAMPO, ALFRED Naguit
C62: Vacation Leave | E62: 15 | S62: =$E62/12+Q62-R62 -> 1.25 | U62: =$E62/12+S62-T62 -> 2.5 | W62: =$E62/12+U62-V62 -> 3.75 | Y62: =$E62/12+W62-X62 -> 5 | AA62: =$E62/12+Y62-Z62 -> 6.25 | AC62: =$E62/12+AA62-AB62 -> 7.5 | AD62: VL | AE62: =AC62 -> 7.5
C63: Sick Leave | E63: 5 | S63: =$E63/12+Q63-R63 -> 0.41666667 | U63: =$E63/12+S63-T63 -> 0.83333333 | W63: =$E63/12+U63-V63 -> 1.25 | Y63: =$E63/12+W63-X63 -> 1.6666667 | AA63: =$E63/12+Y63-Z63 -> 2.0833333 | AC63: =$E63/12+AA63-AB63 -> 2.5 | AD63: SL | AE63: =AC63 -> 2.5
A64: CARO, ROEL MALONZO
C65: Vacation Leave | E65: 15 | S65: =$E65/12+Q65-R65 -> 1.25 | U65: =$E65/12+S65-T65 -> 2.5 | W65: =$E65/12+U65-V65 -> 3.75 | Y65: =$E65/12+W65-X65 -> 5 | AA65: =$E65/12+Y65-Z65 -> 6.25 | AC65: =$E65/12+AA65-AB65 -> 7.5 | AD65: VL | AE65: =AC65 -> 7.5
C66: Sick Leave | E66: 5 | S66: =$E66/12+Q66-R66 -> 0.41666667 | U66: =$E66/12+S66-T66 -> 0.83333333 | W66: =$E66/12+U66-V66 -> 1.25 | Y66: =$E66/12+W66-X66 -> 1.6666667 | AA66: =$E66/12+Y66-Z66 -> 2.0833333 | AC66: =$E66/12+AA66-AB66 -> 2.5 | AD66: SL | AE66: =AC66 -> 2.5
A67: EMBUSCADO, EVER A
C68: Vacation Leave | E68: 15 | U68: =$E68/12+S68-T68 -> 1.25 | W68: =$E68/12+U68-V68 -> 2.5 | Y68: =$E68/12+W68-X68 -> 3.75 | AA68: =$E68/12+Y68-Z68 -> 5 | AC68: =$E68/12+AA68-AB68 -> 6.25 | AD68: VL | AE68: =AC68 -> 6.25
C69: Sick Leave | E69: 5 | U69: =$E69/12+S69-T69 -> 0.41666667 | W69: =$E69/12+U69-V69 -> 0.83333333 | Y69: =$E69/12+W69-X69 -> 1.25 | AA69: =$E69/12+Y69-Z69 -> 1.6666667 | AC69: =$E69/12+AA69-AB69 -> 2.0833333 | AD69: SL | AE69: =AC69 -> 2.0833333
A70: TRINIDAD, JENNIFER M
C71: Vacation Leave | E71: 15 | U71: =$E71/12+S71-T71 -> 1.25 | W71: =$E71/12+U71-V71 -> 2.5 | Y71: =$E71/12+W71-X71 -> 3.75 | AA71: =$E71/12+Y71-Z71 -> 5 | AC71: =$E71/12+AA71-AB71 -> 6.25 | AD71: VL | AE71: =AC71 -> 6.25
C72: Sick Leave | E72: 5 | U72: =$E72/12+S72-T72 -> 0.41666667 | W72: =$E72/12+U72-V72 -> 0.83333333 | Y72: =$E72/12+W72-X72 -> 1.25 | AA72: =$E72/12+Y72-Z72 -> 1.6666667 | AC72: =$E72/12+AA72-AB72 -> 2.0833333 | AD72: SL | AE72: =AC72 -> 2.0833333
A73: MENDOZA , SEAN JUSTINE F
C74: Vacation Leave | E74: 15 | U74: =$E74/12+S74-T74 -> 1.25 | W74: =$E74/12+U74-V74 -> 2.5 | Y74: =$E74/12+W74-X74 -> 3.75 | AA74: =$E74/12+Y74-Z74 -> 5 | AC74: =$E74/12+AA74-AB74 -> 6.25 | AD74: VL | AE74: =AC74 -> 6.25
C75: Sick Leave | E75: 5 | U75: =$E75/12+S75-T75 -> 0.41666667 | W75: =$E75/12+U75-V75 -> 0.83333333 | Y75: =$E75/12+W75-X75 -> 1.25 | AA75: =$E75/12+Y75-Z75 -> 1.6666667 | AC75: =$E75/12+AA75-AB75 -> 2.0833333 | AD75: SL | AE75: =AC75 -> 2.0833333
A76: GATBONTON, ANALIZA TALOBAN
C77: Vacation Leave | E77: 15 | W77: =$E77/12+U77-V77 -> 1.25 | Y77: =$E77/12+W77-X77 -> 2.5 | AA77: =$E77/12+Y77-Z77 -> 3.75 | AC77: =$E77/12+AA77-AB77 -> 5 | AD77: VL | AE77: =AC77 -> 5
C78: Sick Leave | E78: 5 | W78: =$E78/12+U78-V78 -> 0.41666667 | Y78: =$E78/12+W78-X78 -> 0.83333333 | AA78: =$E78/12+Y78-Z78 -> 1.25 | AC78: =$E78/12+AA78-AB78 -> 1.6666667 | AD78: SL | AE78: =AC78 -> 1.6666667
A79: BASILIO, ABIGAIL ANN Q
C80: Vacation Leave | E80: 15 | W80: =$E80/12+U80-V80 -> 1.25 | Y80: =$E80/12+W80-X80 -> 2.5 | AA80: =$E80/12+Y80-Z80 -> 3.75 | AC80: =$E80/12+AA80-AB80 -> 5 | AD80: VL | AE80: =AC80 -> 5
C81: Sick Leave | E81: 5 | W81: =$E81/12+U81-V81 -> 0.41666667 | Y81: =$E81/12+W81-X81 -> 0.83333333 | AA81: =$E81/12+Y81-Z81 -> 1.25 | AC81: =$E81/12+AA81-AB81 -> 1.6666667 | AD81: SL | AE81: =AC81 -> 1.6666667
A82: CRISANTO, ELRITZ T
C83: Vacation Leave | E83: 15 | W83: =$E83/12+U83-V83 -> 1.25 | Y83: =$E83/12+W83-X83 -> 2.5 | AA83: =$E83/12+Y83-Z83 -> 3.75 | AC83: =$E83/12+AA83-AB83 -> 5 | AD83: VL | AE83: =AC83 -> 5
C84: Sick Leave | E84: 5 | W84: =$E84/12+U84-V84 -> 0.41666667 | Y84: =$E84/12+W84-X84 -> 0.83333333 | AA84: =$E84/12+Y84-Z84 -> 1.25 | AC84: =$E84/12+AA84-AB84 -> 1.6666667 | AD84: SL | AE84: =AC84 -> 1.6666667
A85: PABILLANO, FRANKLIN ROOS C
C86: Vacation Leave | E86: 15 | AA86: =$E86/12+Y86-Z86 -> 1.25 | AC86: =$E86/12+AA86-AB86 -> 2.5 | AD86: VL | AE86: =AC86 -> 2.5
C87: Sick Leave | E87: 5 | AA87: =$E87/12+Y87-Z87 -> 0.41666667 | AC87: =$E87/12+AA87-AB87 -> 0.83333333 | AD87: SL | AE87: =AC87 -> 0.83333333
G88: =SUM(G3:G87) -> 67.18 | I88: =SUM(I3:I87) -> 83.846667 | K88: =SUM(K3:K87) -> 92.013333 | M88: =SUM(M3:M87) -> 107.84667 | O88: =SUM(O3:O87) -> 125.68 | Q88: =SUM(Q3:Q87) -> 148.51333 | S88: =SUM(S3:S87) -> 179.51333 | U88: =SUM(U3:U87) -> 212.51333 | W88: =SUM(W3:W87) -> 245.01333 | Y88: =SUM(Y3:Y87) -> 281.01333 | AA88: =SUM(AA3:AA87) -> 313.68 | AC88: =SUM(AC3:AC87) -> 276.34667 | AE88: =SUM(AE3:AE87) -> 276.34667
Q91: =E86/12 -> 1.25
Q92: =E87/12 -> 0.41666667

Sheet DEC
A1: NAME | B1: VL | C1: SL | D1: SPL | E1: 45627 | F1: 45628 | G1: 45629 | H1: 45630 | I1: 45631 | J1: 45632 | K1: 45633 | L1: 45634 | M1: 45635 | N1: 45636 | O1: 45637 | P1: 45638 | Q1: 45639 | R1: 45640 | S1: 45641 | T1: 45642 | U1: 45643 | V1: 45644 | W1: 45645 | X1: 45646 | Y1: 45647 | Z1: 45648 | AA1: 45649 | AB1: 45650 | AC1: 45651 | AD1: 45652 | AE1: 45653 | AF1: 45654 | AG1: 45655 | AH1: 45656 | AI1: 45657
A2: AGAS, JILLIAN LAO | B2: =NOV!B2 + 1.25 - (COUNTIF(E2:AI2, "VL") * 1) - (COUNTIF(E2:AH2, "HDL") * 0.5) -> 7 | C2: =NOV!C2+ 0.416666666666666 - COUNTIF(E2:AH2, "SL")-(COUNTIF(E2:AH2, "HDSL") * 0.5) -> 0.33333333 | N2: SL | AB2: VL | AE2: VL | AF2: VL | AI2: VL
A3: AGUILAR, IAN MYCO | B3: =NOV!B3 + 1.25 - (COUNTIF(E3:AH3, "VL") * 1) - (COUNTIF(E3:AH3, "HDL") * 0.5) -> 14 | C3: =NOV!C3+ 0.416666666666666 - COUNTIF(E3:AH3, "SL")-(COUNTIF(E3:AH3, "HDSL") * 0.5) -> 0.33333333 | F3: SL | X3: VL | AA3: VL | AB3: VL | AE3: VL | AI3: VL
A4: ALIMURONG, JOEL LUSUNG | B4: =NOV!B4 + 1.25 - (COUNTIF(E4:AH4, "VL") * 1) - (COUNTIF(E4:AH4, "HDL") * 0.5) -> 19.75 | C4: =NOV!C4+ 0.416666666666666 - COUNTIF(E4:AH4, "SL")-(COUNTIF(E4:AH4, "HDSL") * 0.5) -> 0.26 | F4: SL | I4: SL | J4: SL | O4: SL | T4: SL | U4: SL | X4: SL | AA4: SL | AB4: VL | AE4: VL | AI4: VL
A5: ANTONIO, VINCENT KEVIN SANTOS | B5: =NOV!B5 + 1.25 - (COUNTIF(E5:AH5, "VL") * 1) - (COUNTIF(E5:AH5, "HDL") * 0.5) -> 9.5 | C5: =NOV!C5+ 0.416666666666666 - COUNTIF(E5:AH5, "SL")-(COUNTIF(E5:AH5, "HDSL") * 0.5) -> 0.18 | J5: SL | U5: SL | V5: SL | X5: HDSL | AA5: SL | AB5: VL | AE5: SL | AI5: SL
A6: AUSTRIA, LOUIS FERNAND BALUYOT | B6: =NOV!B6 + 1.25 - (COUNTIF(E6:AH6, "VL") * 1) - (COUNTIF(E6:AH6, "HDL") * 0.5) -> 2 | C6: =NOV!C6+ 0.416666666666666 - COUNTIF(E6:AH6, "SL")-(COUNTIF(E6:AH6, "HDSL") * 0.5) -> 3.3333333 | T6: VL | U6: VL | V6: VL | W6: VL | X6: VL | AA6: VL | AB6: VL | AE6: VL | AI6: VL
A7: BACONGALLO, NIKA NUEVA | B7: =NOV!B7 + 1.25 - (COUNTIF(E7:AH7, "VL") * 1) - (COUNTIF(E7:AH7, "HDL") * 0.5) -> 3.75 | C7: =NOV!C7+ 0.416666666666666 - COUNTIF(E7:AH7, "SL")-(COUNTIF(E7:AH7, "HDSL") * 0.5) -> 0.91666667 | J7: SL | W7: VL | X7: VL | AA7: VL | AB7: VL | AE7: VL | AI7: VL
A8: BANSIL, KRISTIAN DAVID | B8: =NOV!B8 + 1.25 - (COUNTIF(E8:AH8, "VL") * 1) - (COUNTIF(E8:AH8, "HDL") * 0.5) -> 6.5 | C8: =NOV!C8+ 0.416666666666666 - COUNTIF(E8:AH8, "SL")-(COUNTIF(E8:AH8, "HDSL") * 0.5) -> 4.1666667 | T8: VL | U8: VL | V8: VL | W8: VL | AA8: VL | AB8: VL | AI8: VL
A9: BENALLA, RENNECA Villapaña | B9: =NOV!B9 + 1.25 - (COUNTIF(E9:AH9, "VL") * 1) - (COUNTIF(E9:AH9, "HDL") * 0.5) -> 11.25 | C9: =NOV!C9+ 0.416666666666666 - COUNTIF(E9:AH9, "SL")-(COUNTIF(E9:AH9, "HDSL") * 0.5) -> 4.0833333 | AB9: VL | AI9: VL
A10: CAMERINO, YRIS GAELLE PARREÑAS | B10: =NOV!B10 + 1.25 - (COUNTIF(E10:AH10, "VL") * 1) - (COUNTIF(E10:AH10, "HDL") * 0.5) -> 6 | C10: =NOV!C10+ 0.416666666666666 - COUNTIF(E10:AH10, "SL")-(COUNTIF(E10:AH10, "HDSL") * 0.5) -> 0.33333333 | I10: SL | J10: SL | Q10: VL | X10: VL | AA10: VL | AE10: VL
A11: CASTRO, AIZEL SANTOS | B11: =NOV!B11 + 1.25 - (COUNTIF(E11:AH11, "VL") * 1) - (COUNTIF(E11:AH11, "HDL") * 0.5) -> 11.25 | C11: =NOV!C11+ 0.416666666666666 - COUNTIF(E11:AH11, "SL")-(COUNTIF(E11:AH11, "HDSL") * 0.5) -> 0.26 | D11: =NOV!D11- COUNTIF(E11:AH11, "SPL") -> 5.1666667 | G11: SPL | AA11: VL | AB11: VL | AE11: VL | AI11: VL
A12: CASTILLANO, DENVER ORLANDA | B12: =NOV!B12 + 1.25 - (COUNTIF(E12:AH12, "VL") * 1) - (COUNTIF(E12:AH12, "HDL") * 0.5) -> 4.5 | C12: =NOV!C12+ 0.416666666666666 - COUNTIF(E12:AH12, "SL")-(COUNTIF(E12:AH12, "HDSL") * 0.5) -> 1.5 | F12: SL | W12: VL | AA12: VL | AB12: VL | AI12: VL
A13: CATOLOGO, MARNIE | B13: =1.25*6- (COUNTIF(E13:AH13, "VL") * 1) - (COUNTIF(E13:AH13, "HDL") * 0.5) -> 6.5 | C13: =0.416666666666666*6 - COUNTIF(E13:AH13, "SL")-(COUNTIF(E13:AH13, "HDSL") * 0.5) -> 2.5 | P13: VL
A14: COLIS, REYMARK BRYAN SILVANO | B14: =NOV!B13 + 1.25 - (COUNTIF(E14:AH14, "VL") * 1) - (COUNTIF(E14:AH14, "HDL") * 0.5) -> 7.625 | C14: =NOV!C13+ 0.416666666666666 - COUNTIF(E14:AH14, "SL")-(COUNTIF(E14:AH14, "HDSL") * 0.5) -> 8.26 | AB14: SL
A15: CRISANTO, ELRITZ T | B15: =NOV!B14 + 1.25 - (COUNTIF(E15:AH15, "VL") * 1) - (COUNTIF(E15:AH15, "HDL") * 0.5) -> 10 | C15: =NOV!C14+ 0.416666666666666 - COUNTIF(E15:AH15, "SL")-(COUNTIF(E15:AH15, "HDSL") * 0.5) -> 0.16666667 | G15: SL | J15: HDSL | P15: VL | Q15: VL | T15: VL | AA15: VL | AB15: VL | AE15: VL | AI15: VL
A16: DELA CRUZ, SHAINA DIMAYUGO | B16: =NOV!B15 + 1.25 - (COUNTIF(E16:AH16, "VL") * 1) - (COUNTIF(E16:AH16, "HDL") * 0.5) -> 0.75 | C16: =NOV!C15+ 0.416666666666666 - COUNTIF(E16:AH16, "SL")-(COUNTIF(E16:AH16, "HDSL") * 0.5) -> 0.25 | Q16: SL | AA16: VL | AB16: VL | AE16: VL
A17: EMBUSCADO, EVER A | B17: =NOV!B16 + 1.25 - (COUNTIF(E17:AH17, "VL") * 1) - (COUNTIF(E17:AH17, "HDL") * 0.5) -> 11.25 | C17: =NOV!C16+ 0.416666666666666 - COUNTIF(E17:AH17, "SL")-(COUNTIF(E17:AH17, "HDSL") * 0.5) -> 6.0833333 | T17: VL | U17: VL | V17: VL | W17: VL | X17: VL | AA17: VL | AB17: VL | AE17: VL | AI17: VL
A18: FERNANDEZ, FRANCIS EMMANUEL VELOSO | B18: =NOV!B17 + 1.25 - (COUNTIF(E18:AH18, "VL") * 1) - (COUNTIF(E18:AH18, "HDL") * 0.5) -> 15.25 | C18: =NOV!C17+ 0.416666666666666 - COUNTIF(E18:AH18, "SL")-(COUNTIF(E18:AH18, "HDSL") * 0.5) -> 0.26 | AA18: SL | AE18: SL | AI18: VL
A19: GALGO, CEDRICK CRUZ | B19: =NOV!B18 + 1.25 - (COUNTIF(E19:AH19, "VL") * 1) - (COUNTIF(E19:AH19, "HDL") * 0.5) -> 19.5 | C19: =NOV!C18+ 0.416666666666666 - COUNTIF(E19:AH19, "SL")-(COUNTIF(E19:AH19, "HDSL") * 0.5) -> 4.68 | J19: SL | N19: SL | P19: VL | V19: SL | W19: SL | X19: SL | AA19: VL | AB19: VL | AE19: VL | AI19: VL
A20: GATBONTON, ANALIZA TALOBAN | B20: =NOV!B19 + 1.25 - (COUNTIF(E20:AH20, "VL") * 1) - (COUNTIF(E20:AH20, "HDL") * 0.5) -> 10 | C20: =NOV!C19+ 0.416666666666666 - COUNTIF(E20:AH20, "SL")-(COUNTIF(E20:AH20, "HDSL") * 0.5) -> 0.16666667 | F20: SL | I20: SL | T20: VL | V20: HDSL | X20: VL | AA20: VL | AB20: VL | AE20: VL
A21: GATBONTON, BEVERLY TALOBAN | B21: =NOV!B20 + 1.25 - (COUNTIF(E21:AH21, "VL") * 1) - (COUNTIF(E21:AH21, "HDL") * 0.5) -> 0.25 | C21: =NOV!C20+ 0.416666666666666 - COUNTIF(E21:AH21, "SL")-(COUNTIF(E21:AH21, "HDSL") * 0.5) -> -0.25 | F21: HDL | G21: SL | H21: VL | I21: VL | J21: HDL | AA21: VL
A22: GUECO, JOHANA ROSE PEREZ | B22: =NOV!B21 + 1.25 - (COUNTIF(E22:AH22, "VL") * 1) - (COUNTIF(E22:AH22, "HDL") * 0.5) -> 5 | C22: =NOV!C21+ 0.416666666666666 - COUNTIF(E22:AH22, "SL")-(COUNTIF(E22:AH22, "HDSL") * 0.5) -> 1.3333333 | D22: =NOV!D21- COUNTIF(E22:AH22, "SPL") -> 0 | I22: SPL | J22: SL | P22: SPL | V22: SL | X22: SPL | AA22: VL | AB22: VL | AE22: VL | AI22: SL
A23: JOSAFAT, RENALYN | B23: =NOV!B22 + 1.25 - (COUNTIF(E23:AH23, "VL") * 1) - (COUNTIF(E23:AH23, "HDL") * 0.5) -> 7 | C23: =NOV!C22+ 0.416666666666666 - COUNTIF(E23:AH23, "SL")-(COUNTIF(E23:AH23, "HDSL") * 0.5) -> 0.68 | T23: VL | AA23: VL | AB23: VL | AE23: VL | AI23: VL
A24: LOZANO, ALDWIN JOHN | B24: =NOV!B23 + 1.25 - (COUNTIF(E24:AH24, "VL") * 1) - (COUNTIF(E24:AI24, "HDL") * 0.5) -> 6 | C24: =NOV!C23+ 0.416666666666666 - COUNTIF(E24:AH24, "SL")-(COUNTIF(E24:AH24, "HDSL") * 0.5) -> 1.3333333 | O24: SL | AA24: VL | AB24: VL | AE24: VL | AI24: VL
A25: MALINAO, ROGELIO DELA PENA | B25: =NOV!B24 + 1.25 - (COUNTIF(E25:AH25, "VL") * 1) - (COUNTIF(E25:AH25, "HDL") * 0.5) -> 6.25 | C25: =NOV!C24+ 0.416666666666666 - COUNTIF(E25:AH25, "SL")-(COUNTIF(E25:AH25, "HDSL") * 0.5) -> 0.25 | J25: HDSL | N25: HDSL | Q25: VL | T25: HDSL | AB25: VL | AI25: VL
A26: MATAGA, EDITH DAVID | B26: =NOV!B25 + 1.25 - (COUNTIF(E26:AH26, "VL") * 1) - (COUNTIF(E26:AH26, "HDL") * 0.5) -> 0 | C26: =NOV!C25+ 0.416666666666666 - COUNTIF(E26:AH26, "SL")-(COUNTIF(E26:AH26, "HDSL") * 0.5) -> -2.7200464e-15 | G26: HDL | I26: VL | AF26: HDSL
A27: MENDOZA , SEAN JUSTINE F | B27: =NOV!B26 + 1.25 - (COUNTIF(E27:AH27, "VL") * 1) - (COUNTIF(E27:AH27, "HDL") * 0.5) -> 8.25 | C27: =NOV!C26+ 0.416666666666666 - COUNTIF(E27:AH27, "SL")-(COUNTIF(E27:AH27, "HDSL") * 0.5) -> -0.41666667 | Q27: HDSL | T27: VL | U27: SL | V27: SL | W27: SL | X27: SL | AA27: VL | AB27: VL | AE27: VL | AI27: VL
A28: NAVALON, EVANEL CAACBAY | B28: =NOV!B27 + 1.25 - (COUNTIF(E28:AH28, "VL") * 1) - (COUNTIF(E28:AH28, "HDL") * 0.5) -> 14 | C28: =NOV!C27+ 0.416666666666666 - COUNTIF(E28:AH28, "SL")-(COUNTIF(E28:AH28, "HDSL") * 0.5) -> 0.33333333 | P28: SL | W28: VL | AG28: VL | AI28: VL
A29: OCAMPO, ALFRED NAGUIT | B29: =NOV!B28 + 1.25 - (COUNTIF(E29:AH29, "VL") * 1) - (COUNTIF(E29:AH29, "HDL") * 0.5) -> 8.5 | C29: =NOV!C28+ 0.416666666666666 - COUNTIF(E29:AH29, "SL")-(COUNTIF(E29:AH29, "HDSL") * 0.5) -> 1.5 | T29: SL | U29: SL | X29: SL | AA29: VL | AB29: VL | AE29: VL | AI29: VL
A30: OTSUKA, SHIGERU CENTINA | B30: =NOV!B29 + 1.25 - (COUNTIF(E30:AH30, "VL") * 1) - (COUNTIF(E30:AH30, "HDL") * 0.5) -> 11.5 | C30: =NOV!C29+ 0.416666666666666 - COUNTIF(E30:AH30, "SL")-(COUNTIF(E30:AH30, "HDSL") * 0.5) -> 0.68 | J30: SL | P30: VL
A31: PABILLANO, FRANKLIN ROOS C | B31: =NOV!B30 + 1.25 - (COUNTIF(E31:AH31, "VL") * 1) - (COUNTIF(E31:AI31, "HDL") * 0.5) -> 16.5 | C31: =NOV!C30+ 0.416666666666666 - COUNTIF(E31:AI31, "SL")-(COUNTIF(E31:AH31, "HDSL") * 0.5) -> 2.8333333 | U31: SL | AB31: SL | AI31: SL
A32: PANGAN, CRISTINA MIRANDA | B32: =NOV!B31 + 1.25 - (COUNTIF(E32:AH32, "VL") * 1) - (COUNTIF(E32:AH32, "HDL") * 0.5) -> 6.5 | C32: =NOV!C31+ 0.416666666666666 - COUNTIF(E32:AH32, "SL")-(COUNTIF(E32:AH32, "HDSL") * 0.5) -> 0.33 | J32: HDL | P32: SL | AA32: SL | AB32: SL | AE32: VL
A33: PINEDA, ERIKA SERIOSA | B33: =NOV!B32 + 1.25 - (COUNTIF(E33:AH33, "VL") * 1) - (COUNTIF(E33:AH33, "HDL") * 0.5) -> 3 | C33: =NOV!C32+ 0.416666666666666 - COUNTIF(E33:AH33, "SL")-(COUNTIF(E33:AH33, "HDSL") * 0.5) -> 1.33 | X33: SL | AA33: VL | AB33: VL | AE33: SL | AI33: SL
A34: PATRIMONIO, RYAN REX | B34: =1.25*6- (COUNTIF(E34:AI34, "VL") * 1) - (COUNTIF(E34:AH34, "HDL") * 0.5) -> 5.5 | C34: =0.416666666666666*6 - COUNTIF(E34:AH34, "SL")-(COUNTIF(E34:AH34, "HDSL") * 0.5) -> 0.5 | AA34: SL | AB34: SL | AE34: VL | AI34: VL
A35: RONQUILLO, RHEGENE INGAT | B35: =NOV!B33 + 1.25 - (COUNTIF(E35:AH35, "VL") * 1) - (COUNTIF(E35:AH35, "HDL") * 0.5) -> 8.25 | C35: =NOV!C33+ 0.416666666666666 - COUNTIF(E35:AH35, "SL")-(COUNTIF(E35:AH35, "HDSL") * 0.5) -> 0.75 | G35: VL | O35: SL | P35: SL | AA35: SL | AI35: SL
A36: SAMODIO, JHUNEL CARLO TRAIFALGAR | B36: =NOV!B34 + 1.25 - (COUNTIF(E36:AH36, "VL") * 1) - (COUNTIF(E36:AH36, "HDL") * 0.5) -> 6 | C36: =NOV!C34+ 0.416666666666666 - COUNTIF(E36:AH36, "SL")-(COUNTIF(E36:AH36, "HDSL") * 0.5) -> 0.33333333 | P36: SL | X36: VL | AA36: VL | AB36: VL | AE36: VL | AI36: VL
A37: SARTHOU, IAN MICHAEL LOUIE ALEGA | B37: =NOV!B35 + 1.25 - (COUNTIF(E37:AH37, "VL") * 1) - (COUNTIF(E37:AH37, "HDL") * 0.5) -> 20.75 | C37: =NOV!C35+ 0.416666666666666 - COUNTIF(E37:AH37, "SL")-(COUNTIF(E37:AH37, "HDSL") * 0.5) -> 6.5833333
A38: SORIANO, MARY ANN VALLEJOS | B38: =NOV!B36 + 1.25 - (COUNTIF(E38:AH38, "VL") * 1) - (COUNTIF(E38:AH38, "HDL") * 0.5) -> 0.25 | C38: =NOV!C36+ 0.416666666666666 - COUNTIF(E38:AH38, "SL")-(COUNTIF(E38:AH38, "HDSL") * 0.5) -> 1.25 | G38: VL | H38: VL | M38: SL | X38: HDL | AE38: VL | AF38: VL
A39: TICSAY, CLAIROL | B39: =1.25*6- (COUNTIF(E39:AH39, "VL") * 1) - (COUNTIF(E39:AH39, "HDL") * 0.5) -> 4.5 | C39: =0.416666666666666*6 - COUNTIF(E39:AH39, "SL")-(COUNTIF(E39:AH39, "HDSL") * 0.5) -> 2.5 | AA39: VL | AB39: VL | AE39: VL | AI39: VL
A40: TRINIDAD, JENNIFER M | B40: =NOV!B37 + 1.25 - (COUNTIF(E40:AH40, "VL") * 1) - (COUNTIF(E40:AH40, "HDL") * 0.5) -> 9.25 | C40: =NOV!C37+ 0.416666666666666 - COUNTIF(E40:AH40, "SL")-(COUNTIF(E40:AH40, "HDSL") * 0.5) -> 0.083333333 | J40: VL | M40: SL | T40: SL | AA40: VL | AB40: VL | AE40: VL | AI40: VL

Sheet 2024
A1: NAME | D1: Leave Credits from YR 2023 | E1: YR 2024 TOTAL | F1: JAN 2024 | H1: FEB 2024 | J1: MAR.2024 | L1: APR.2024 | N1: MAY.2024 | P1: JUN.2024 | R1: JUL.2024 | T1: AUG.2024 | V1: SEPT.2024 | X1: OCT.2024 | Z1: NOV.2024 | AB1: DEC.2024 | AD1: REMAINING LEAVE (2024)
F2: Consumed | G2: Remaining | H2: Consumed | I2: Remaining | J2: Consumed | K2: Remaining | L2: Consumed | M2: Remaining | N2: Consumed | O2: Remaining | P2: Consumed | Q2: Remaining | R2: Consumed | S2: Remaining | T2: Consumed | U2: Remaining | V2: Consumed | W2: Remaining | X2: Consumed | Y2: Remaining | Z2: Consumed | AA2: Remaining | AB2: Consumed | AC2: Remaining
A3: ANTONIO, VINCENT KEVIN SANTOS
C4: Vacation Leave | D4: ='2023 ACCRUAL'!AE4 -> 11 | E4: 15 | F4: 6 | G4: =$E4/12-F4+D4 -> 6.25 | I4: =$E4/12+G4-H4 -> 7.5 | K4: =$E4/12+I4-J4 -> 8.75 | M4: =$E4/12+K4-L4 -> 10 | O4: =$E4/12+M4-N4 -> 11.25 | P4: 0 | Q4: =$E4/12+O4-P4 -> 12.5 | R4: 1 | S4: =$E4/12+Q4-R4 -> 12.75 | U4: =$E4/12+S4-T4 -> 14 | V4: 4 | W4: =$E4/12+U4-V4 -> 11.25 | Y4: =$E4/12+W4-X4 -> 12.5 | AA4: =$E4/12+Y4-Z4 -> 13.75 | AC4: =$E4/12+AA4-AB4 -> 15 | AD4: VL | AE4: =AC4 -> 15
C5: Sick Leave | D5: ='2023 ACCRUAL'!AE5 -> 5.68 | E5: 5 | F5: 1 | G5: =$E5/12-F5+D5 -> 5.0966667 | H5: 2 | I5: =$E5/12+G5-H5 -> 3.5133333 | J5: 1 | K5: =$E5/12+I5-J5 -> 2.93 | M5: =$E5/12+K5-L5 -> 3.3466667 | O5: =$E5/12+M5-N5 -> 3.7633333 | P5: 0 | Q5: =$E5/12+O5-P5 -> 4.18 | S5: =$E5/12+Q5-R5 -> 4.5966667 | U5: =$E5/12+S5-T5 -> 5.0133333 | W5: =$E5/12+U5-V5 -> 5.43 | Y5: =$E5/12+W5-X5 -> 5.8466667 | AA5: =$E5/12+Y5-Z5 -> 6.2633333 | AC5: =$E5/12+AA5-AB5 -> 6.68 | AD5: SL | AE5: =AC5 -> 6.68
A6: DELA CRUZ, SHAINA DIMAYUGO
C7: Vacation Leave | D7: ='2023 ACCRUAL'!AE7 -> 3 | E7: 15 | F7: 1 | G7: =$E7/12-F7+D7 -> 3.25 | I7: =$E7/12+G7-H7 -> 4.5 | K7: =$E7/12+I7-J7 -> 5.75 | L7: 1 | M7: =$E7/12+K7-L7 -> 6 | O7: =$E7/12+M7-N7 -> 7.25 | P7: 6 | Q7: =$E7/12+O7-P7 -> 2.5 | R7: 3 | S7: =$E7/12+Q7-R7 -> 0.75 | U7: =$E7/12+S7-T7 -> 2 | W7: =$E7/12+U7-V7 -> 3.25 | Y7: =$E7/12+W7-X7 -> 4.5 | AA7: =$E7/12+Y7-Z7 -> 5.75 | AC7: =$E7/12+AA7-AB7 -> 7 | AD7: VL | AE7: =AC7 -> 7
C8: Sick Leave | D8: ='2023 ACCRUAL'!AE8 -> 3.42 | E8: 5 | G8: =$E8/12-F8+D8 -> 3.8366667 | I8: =$E8/12+G8-H8 -> 4.2533333 | K8: =$E8/12+I8-J8 -> 4.67 | L8: 2 | M8: =$E8/12+K8-L8 -> 3.0866667 | N8: 1 | O8: =$E8/12+M8-N8 -> 2.5033333 | P8: 2 | Q8: =$E8/12+O8-P8 -> 0.92 | S8: =$E8/12+Q8-R8 -> 1.3366667 | U8: =$E8/12+S8-T8 -> 1.7533333 | V8: 1 | W8: =$E8/12+U8-V8 -> 1.17 | Y8: =$E8/12+W8-X8 -> 1.5866667 | AA8: =$E8/12+Y8-Z8 -> 2.0033333 | AC8: =$E8/12+AA8-AB8 -> 2.42 | AD8: SL | AE8: =AC8 -> 2.42
A9: JOSAFAT, RENALYN
C10: Vacation Leave | D10: ='2023 ACCRUAL'!AE10 -> 7 | E10: 15 | G10: =$E10/12-F10+D10 -> 8.25 | H10: 1 | I10: =$E10/12+G10-H10 -> 8.5 | K10: =$E10/12+I10-J10 -> 9.75 | M10: =$E10/12+K10-L10 -> 11 | N10: 1 | O10: =$E10/12+M10-N10 -> 11.25 | Q10: =$E10/12+O10-P10 -> 12.5 | R10: 1 | S10: =$E10/12+Q10-R10 -> 12.75 | T10: 1 | U10: =$E10/12+S10-T10 -> 13 | W10: =$E10/12+U10-V10 -> 14.25 | Y10: =$E10/12+W10-X10 -> 15.5 | AA10: =$E10/12+Y10-Z10 -> 16.75 | AC10: =$E10/12+AA10-AB10 -> 18 | AD10: VL | AE10: =AC10 -> 18
C11: Sick Leave | D11: ='2023 ACCRUAL'!AE11 -> -0.32 | E11: 5 | G11: =$E11/12-F11+D11 -> 0.096666667 | I11: =$E11/12+G11-H11 -> 0.51333333 | K11: =$E11/12+I11-J11 -> 0.93 | L11: 1 | M11: =$E11/12+K11-L11 -> 0.34666667 | O11: =$E11/12+M11-N11 -> 0.76333333 | P11: 1 | Q11: =$E11/12+O11-P11 -> 0.18 | S11: =$E11/12+Q11-R11 -> 0.59666667 | U11: =$E11/12+S11-T11 -> 1.0133333 | W11: =$E11/12+U11-V11 -> 1.43 | Y11: =$E11/12+W11-X11 -> 1.8466667 | AA11: =$E11/12+Y11-Z11 -> 2.2633333 | AC11: =$E11/12+AA11-AB11 -> 2.68 | AD11: SL | AE11: =AC11 -> 2.68
A12: GALGO, CEDRICK CRUZ
C13: Vacation Leave | D13: ='2023 ACCRUAL'!AE13 -> 12.5 | E13: 15 | F13: 3 | G13: =$E13/12-F13+D13 -> 10.75 | I13: =$E13/12+G13-H13 -> 12 | K13: =$E13/12+I13-J13 -> 13.25 | M13: =$E13/12+K13-L13 -> 14.5 | O13: =$E13/12+M13-N13 -> 15.75 | P13: 1 | Q13: =$E13/12+O13-P13 -> 16 | S13: =$E13/12+Q13-R13 -> 17.25 | U13: =$E13/12+S13-T13 -> 18.5 | W13: =$E13/12+U13-V13 -> 19.75 | Y13: =$E13/12+W13-X13 -> 21 | AA13: =$E13/12+Y13-Z13 -> 22.25 | AC13: =$E13/12+AA13-AB13 -> 23.5 | AD13: VL | AE13: =AC13 -> 23.5
C14: Sick Leave | D14: ='2023 ACCRUAL'!AE14 -> 4.68 | E14: 5 | G14: =$E14/12-F14+D14 -> 5.0966667 | I14: =$E14/12+G14-H14 -> 5.5133333 | K14: =$E14/12+I14-J14 -> 5.93 | M14: =$E14/12+K14-L14 -> 6.3466667 | O14: =$E14/12+M14-N14 -> 6.7633333 | Q14: =$E14/12+O14-P14 -> 7.18 | S14: =$E14/12+Q14-R14 -> 7.5966667 | U14: =$E14/12+S14-T14 -> 8.0133333 | W14: =$E14/12+U14-V14 -> 8.43 | Y14: =$E14/12+W14-X14 -> 8.8466667 | AA14: =$E14/12+Y14-Z14 -> 9.2633333 | AC14: =$E14/12+AA14-AB14 -> 9.68 | AD14: SL | AE14: =AC14 -> 9.68
A15: OTSUKA, SHIGERU CENTINA
C16: Vacation Leave | D16: ='2023 ACCRUAL'!AE16 -> 7.5 | E16: 15 | F16: 2 | G16: =$E16/12-F16+D16 -> 6.75 | I16: =$E16/12+G16-H16 -> 8 | K16: =$E16/12+I16-J16 -> 9.25 | L16: 2 | M16: =$E16/12+K16-L16 -> 8.5 | O16: =$E16/12+M16-N16 -> 9.75 | P16: 2 | Q16: =$E16/12+O16-P16 -> 9 | S16: =$E16/12+Q16-R16 -> 10.25 | U16: =$E16/12+S16-T16 -> 11.5 | W16: =$E16/12+U16-V16 -> 12.75 | Y16: =$E16/12+W16-X16 -> 14 | AA16: =$E16/12+Y16-Z16 -> 15.25 | AC16: =$E16/12+AA16-AB16 -> 16.5 | AD16: VL | AE16: =AC16 -> 16.5
C17: Sick Leave | D17: ='2023 ACCRUAL'!AE17 -> 2.68 | E17: 5 | F17: 1 | G17: =$E17/12-F17+D17 -> 2.0966667 | H17: 1 | I17: =$E17/12+G17-H17 -> 1.5133333 | K17: =$E17/12+I17-J17 -> 1.93 | M17: =$E17/12+K17-L17 -> 2.3466667 | N17: 1 | O17: =$E17/12+M17-N17 -> 1.7633333 | P17: 1 | Q17: =$E17/12+O17-P17 -> 1.18 | R17: 1 | S17: =$E17/12+Q17-R17 -> 0.59666667 | T17: 1 | U17: =$E17/12+S17-T17 -> 0.013333333 | W17: =$E17/12+U17-V17 -> 0.43 | Y17: =$E17/12+W17-X17 -> 0.84666667 | AA17: =$E17/12+Y17-Z17 -> 1.2633333 | AC17: =$E17/12+AA17-AB17 -> 1.68 | AD17: SL | AE17: =AC17 -> 1.68
A18: ALIMURONG, JOEL LUSUNG
C19: Vacation Leave | D19: ='2023 ACCRUAL'!AE19 -> 10.75 | E19: 15 | F19: 1 | G19: =$E19/12-F19+D19 -> 11 | I19: =$E19/12+G19-H19 -> 12.25 | K19: =$E19/12+I19-J19 -> 13.5 | M19: =$E19/12+K19-L19 -> 14.75 | N19: 1 | O19: =$E19/12+M19-N19 -> 15 | P19: 1 | Q19: =$E19/12+O19-P19 -> 15.25 | S19: =$E19/12+Q19-R19 -> 16.5 | U19: =$E19/12+S19-T19 -> 17.75 | W19: =$E19/12+U19-V19 -> 19 | Y19: =$E19/12+W19-X19 -> 20.25 | AA19: =$E19/12+Y19-Z19 -> 21.5 | AC19: =$E19/12+AA19-AB19 -> 22.75 | AD19: VL | AE19: =AC19 -> 22.75
C20: Sick Leave | D20: ='2023 ACCRUAL'!AE20 -> 6.26 | E20: 5 | G20: =$E20/12-F20+D20 -> 6.6766667 | I20: =$E20/12+G20-H20 -> 7.0933333 | K20: =$E20/12+I20-J20 -> 7.51 | M20: =$E20/12+K20-L20 -> 7.9266667 | O20: =$E20/12+M20-N20 -> 8.3433333 | P20: 1 | Q20: =$E20/12+O20-P20 -> 7.76 | S20: =$E20/12+Q20-R20 -> 8.1766667 | T20: 1 | U20: =$E20/12+S20-T20 -> 7.5933333 | W20: =$E20/12+U20-V20 -> 8.01 | Y20: =$E20/12+W20-X20 -> 8.4266667 | AA20: =$E20/12+Y20-Z20 -> 8.8433333 | AC20: =$E20/12+AA20-AB20 -> 9.26 | AD20: SL | AE20: =AC20 -> 9.26
A21: FERNANDEZ, FRANCIS EMMANUEL VELOSO
C22: Vacation Leave | D22: ='2023 ACCRUAL'!AE22 -> 9.25 | E22: 15 | F22: 1 | G22: =$E22/12-F22+D22 -> 9.5 | H22: 2 | I22: =$E22/12+G22-H22 -> 8.75 | J22: 1 | K22: =$E22/12+I22-J22 -> 9 | M22: =$E22/12+K22-L22 -> 10.25 | N22: 5 | O22: =$E22/12+M22-N22 -> 6.5 | Q22: =$E22/12+O22-P22 -> 7.75 | S22: =$E22/12+Q22-R22 -> 9 | U22: =$E22/12+S22-T22 -> 10.25 | W22: =$E22/12+U22-V22 -> 11.5 | Y22: =$E22/12+W22-X22 -> 12.75 | AA22: =$E22/12+Y22-Z22 -> 14 | AC22: =$E22/12+AA22-AB22 -> 15.25 | AD22: VL | AE22: =AC22 -> 15.25
C23: Sick Leave | D23: ='2023 ACCRUAL'!AE23 -> 1.26 | E23: 5 | F23: 2 | G23: =$E23/12-F23+D23 -> -0.32333333 | I23: =$E23/12+G23-H23 -> 0.093333333 | K23: =$E23/12+I23-J23 -> 0.51 | M23: =$E23/12+K23-L23 -> 0.92666667 | O23: =$E23/12+M23-N23 -> 1.3433333 | Q23: =$E23/12+O23-P23 -> 1.76 | S23: =$E23/12+Q23-R23 -> 2.1766667 | U23: =$E23/12+S23-T23 -> 2.5933333 | W23: =$E23/12+U23-V23 -> 3.01 | Y23: =$E23/12+W23-X23 -> 3.4266667 | AA23: =$E23/12+Y23-Z23 -> 3.8433333 | AC23: =$E23/12+AA23-AB23 -> 4.26 | AD23: SL | AE23: =AC23 -> 4.26
A24: CASTRO, AIZEL SANTOS
C25: Vacation Leave | D25: ='2023 ACCRUAL'!AE25 -> 13.25 | E25: 15 | F25: 2 | G25: =$E25/12-F25+D25 -> 12.5 | I25: =$E25/12+G25-H25 -> 13.75 | K25: =$E25/12+I25-J25 -> 15 | M25: =$E25/12+K25-L25 -> 16.25 | N25: 2 | O25: =$E25/12+M25-N25 -> 15.5 | Q25: =$E25/12+O25-P25 -> 16.75 | R25: 1 | S25: =$E25/12+Q25-R25 -> 17 | U25: =$E25/12+S25-T25 -> 18.25 | W25: =$E25/12+U25-V25 -> 19.5 | Y25: =$E25/12+W25-X25 -> 20.75 | AA25: =$E25/12+Y25-Z25 -> 22 | AC25: =$E25/12+AA25-AB25 -> 23.25 | AD25: VL | AE25: =AC25 -> 23.25
C26: Sick Leave | D26: ='2023 ACCRUAL'!AE26 -> -0.74 | E26: 5 | G26: =$E26/12-F26+D26 -> -0.32333333 | I26: =$E26/12+G26-H26 -> 0.093333333 | K26: =$E26/12+I26-J26 -> 0.51 | M26: =$E26/12+K26-L26 -> 0.92666667 | N26: 2 | O26: =$E26/12+M26-N26 -> -0.65666667 | Q26: =$E26/12+O26-P26 -> -0.24 | S26: =$E26/12+Q26-R26 -> 0.17666667 | U26: =$E26/12+S26-T26 -> 0.59333333 | V26: 1 | W26: =$E26/12+U26-V26 -> 0.01 | Y26: =$E26/12+W26-X26 -> 0.42666667 | AA26: =$E26/12+Y26-Z26 -> 0.84333333 | AC26: =$E26/12+AA26-AB26 -> 1.26 | AD26: SL | AE26: =AC26 -> 1.26
C27: Solo Parent Leave | E27: 7 | P27: 1 | Q27: =E27-P27 -> 6 | R27: 1 | S27: =Q27-R27 -> 5 | U27: =$E27/12+S27-T27 -> 5.5833333 | W27: =$E27/12+U27-V27 -> 6.1666667 | Y27: =$E27/12+W27-X27 -> 6.75 | AA27: =$E27/12+Y27-Z27 -> 7.3333333 | AC27: =$E27/12+AA27-AB27 -> 7.9166667 | AE27: =AC27 -> 7.9166667
A28: COLIS, REYMARK BRYAN SILVANO
C29: Vacation Leave | D29: ='2023 ACCRUAL'!AE28 -> 6.75 | E29: 15 | F29: 6 | G29: =$E29/12-F29+D29 -> 2 | H29: 1 | I29: =$E29/12+G29-H29 -> 2.25 | K29: =$E29/12+I29-J29 -> 3.5 | M29: =$E29/12+K29-L29 -> 4.75 | N29: 1 | O29: =$E29/12+M29-N29 -> 5 | P29: 1 | Q29: =$E29/12+O29-P29 -> 5.25 | S29: =$E29/12+Q29-R29 -> 6.5 | U29: =$E29/12+S29-T29 -> 7.75 | V29: 1 | W29: =$E29/12+U29-V29 -> 8 | Y29: =$E29/12+W29-X29 -> 9.25 | AA29: =$E29/12+Y29-Z29 -> 10.5 | AC29: =$E29/12+AA29-AB29 -> 11.75 | AD29: VL | AE29: =AC29 -> 11.75
C30: Sick Leave | D30: ='2023 ACCRUAL'!AE29 -> 6.26 | E30: 5 | G30: =$E30/12-F30+D30 -> 6.6766667 | I30: =$E30/12+G30-H30 -> 7.0933333 | K30: =$E30/12+I30-J30 -> 7.51 | M30: =$E30/12+K30-L30 -> 7.9266667 | O30: =$E30/12+M30-N30 -> 8.3433333 | Q30: =$E30/12+O30-P30 -> 8.76 | S30: =$E30/12+Q30-R30 -> 9.1766667 | U30: =$E30/12+S30-T30 -> 9.5933333 | W30: =$E30/12+U30-V30 -> 10.01 | Y30: =$E30/12+W30-X30 -> 10.426667 | AA30: =$E30/12+Y30-Z30 -> 10.843333 | AC30: =$E30/12+AA30-AB30 -> 11.26 | AD30: SL | AE30: =AC30 -> 11.26
A31: SARTHOU, IAN MICHAEL LOUIE ALEGA
C32: Vacation Leave | D32: ='2023 ACCRUAL'!AE31 -> 6.75 | E32: 15 | G32: =$E32/12-F32+D32 -> 8 | I32: =$E32/12+G32-H32 -> 9.25 | K32: =$E32/12+I32-J32 -> 10.5 | M32: =$E32/12+K32-L32 -> 11.75 | O32: =$E32/12+M32-N32 -> 13 | P32: 1 | Q32: =$E32/12+O32-P32 -> 13.25 | S32: =$E32/12+Q32-R32 -> 14.5 | U32: =$E32/12+S32-T32 -> 15.75 | W32: =$E32/12+U32-V32 -> 17 | Y32: =$E32/12+W32-X32 -> 18.25 | AA32: =$E32/12+Y32-Z32 -> 19.5 | AC32: =$E32/12+AA32-AB32 -> 20.75 | AD32: VL | AE32: =AC32 -> 20.75
C33: Sick Leave | D33: ='2023 ACCRUAL'!AE32 -> 4.5833333 | E33: 5 | G33: =$E33/12-F33+D33 -> 5 | I33: =$E33/12+G33-H33 -> 5.4166667 | K33: =$E33/12+I33-J33 -> 5.8333333 | M33: =$E33/12+K33-L33 -> 6.25 | N33: 1 | O33: =$E33/12+M33-N33 -> 5.6666667 | Q33: =$E33/12+O33-P33 -> 6.0833333 | S33: =$E33/12+Q33-R33 -> 6.5 | U33: =$E33/12+S33-T33 -> 6.9166667 | W33: =$E33/12+U33-V33 -> 7.3333333 | Y33: =$E33/12+W33-X33 -> 7.75 | AA33: =$E33/12+Y33-Z33 -> 8.1666667 | AC33: =$E33/12+AA33-AB33 -> 8.5833333 | AD33: SL | AE33: =AC33 -> 8.5833333
A34: RONQUILLO, RHEGENE INGAT | C34: Vacation Leave | D34: ='2023 ACCRUAL'!AE34 -> 7.25 | E34: 15 | F34: 4 | G34: =$E34/12-F34+D34 -> 4.5 | H34: 2 | I34: =$E34/12+G34-H34 -> 3.75 | K34: =$E34/12+I34-J34 -> 5 | M34: =$E34/12+K34-L34 -> 6.25 | N34: 3 | O34: =$E34/12+M34-N34 -> 4.5 | Q34: =$E34/12+O34-P34 -> 5.75 | S34: =$E34/12+Q34-R34 -> 7 | T34: 3 | U34: =$E34/12+S34-T34 -> 5.25 | W34: =$E34/12+U34-V34 -> 6.5 | Y34: =$E34/12+W34-X34 -> 7.75 | AA34: =$E34/12+Y34-Z34 -> 9 | AC34: =$E34/12+AA34-AB34 -> 10.25 | AD34: VL | AE34: =AC34 -> 10.25
C35: Sick Leave | D35: ='2023 ACCRUAL'!AE35 -> 2.75 | E35: 5 | G35: =$E35/12-F35+D35 -> 3.1666667 | I35: =$E35/12+G35-H35 -> 3.5833333 | K35: =$E35/12+I35-J35 -> 4 | M35: =$E35/12+K35-L35 -> 4.4166667 | O35: =$E35/12+M35-N35 -> 4.8333333 | P35: 1 | Q35: =$E35/12+O35-P35 -> 4.25 | S35: =$E35/12+Q35-R35 -> 4.6666667 | U35: =$E35/12+S35-T35 -> 5.0833333 | W35: =$E35/12+U35-V35 -> 5.5 | Y35: =$E35/12+W35-X35 -> 5.9166667 | AA35: =$E35/12+Y35-Z35 -> 6.3333333 | AC35: =$E35/12+AA35-AB35 -> 6.75 | AD35: SL | AE35: =AC35 -> 6.75
A36: SORIANO, MARY ANN VALLEJOS
C37: Vacation Leave | D37: ='2023 ACCRUAL'!AE37 -> 4.25 | E37: 15 | F37: 8 | G37: =$E37/12-F37+D37 -> -2.5 | H37: 1 | I37: =$E37/12+G37-H37 -> -2.25 | J37: 0.5 | K37: =$E37/12+I37-J37 -> -1.5 | M37: =$E37/12+K37-L37 -> -0.25 | N37: 2 | O37: =$E37/12+M37-N37 -> -1 | Q37: =$E37/12+O37-P37 -> 0.25 | S37: =$E37/12+Q37-R37 -> 1.5 | T37: 2 | U37: =$E37/12+S37-T37 -> 0.75 | W37: =$E37/12+U37-V37 -> 2 | Y37: =$E37/12+W37-X37 -> 3.25 | AA37: =$E37/12+Y37-Z37 -> 4.5 | AC37: =$E37/12+AA37-AB37 -> 5.75 | AD37: VL | AE37: =AC37 -> 5.75
C38: Sick Leave | D38: ='2023 ACCRUAL'!AE38 -> 3.75 | E38: 5 | G38: =$E38/12-F38+D38 -> 4.1666667 | I38: =$E38/12+G38-H38 -> 4.5833333 | K38: =$E38/12+I38-J38 -> 5 | M38: =$E38/12+K38-L38 -> 5.4166667 | O38: =$E38/12+M38-N38 -> 5.8333333 | Q38: =$E38/12+O38-P38 -> 6.25 | R38: 5 | S38: =$E38/12+Q38-R38 -> 1.6666667 | U38: =$E38/12+S38-T38 -> 2.0833333 | V38: 0.5 | W38: =$E38/12+U38-V38 -> 2 | Y38: =$E38/12+W38-X38 -> 2.4166667 | AA38: =$E38/12+Y38-Z38 -> 2.8333333 | AC38: =$E38/12+AA38-AB38 -> 3.25 | AD38: SL | AE38: =AC38 -> 3.25
A39: GATBONTON, BEVERLY TALOBAN
C40: Vacation Leave | D40: ='2023 ACCRUAL'!AE40 -> 5.75 | E40: 15 | F40: 3 | G40: =$E40/12-F40+D40 -> 4 | I40: =$E40/12+G40-H40 -> 5.25 | J40: 1 | K40: =$E40/12+I40-J40 -> 5.5 | L40: 1 | M40: =$E40/12+K40-L40 -> 5.75 | O40: =$E40/12+M40-N40 -> 7 | P40: 1 | Q40: =$E40/12+O40-P40 -> 7.25 | R40: 4 | S40: =$E40/12+Q40-R40 -> 4.5 | U40: =$E40/12+S40-T40 -> 5.75 | V40: 1 | W40: =$E40/12+U40-V40 -> 6 | Y40: =$E40/12+W40-X40 -> 7.25 | AA40: =$E40/12+Y40-Z40 -> 8.5 | AC40: =$E40/12+AA40-AB40 -> 9.75 | AD40: VL | AE40: =AC40 -> 9.75
C41: Sick Leave | D41: ='2023 ACCRUAL'!AE41 -> 1.75 | E41: 5 | G41: =$E41/12-F41+D41 -> 2.1666667 | H41: 1 | I41: =$E41/12+G41-H41 -> 1.5833333 | K41: =$E41/12+I41-J41 -> 2 | M41: =$E41/12+K41-L41 -> 2.4166667 | O41: =$E41/12+M41-N41 -> 2.8333333 | P41: 1 | Q41: =$E41/12+O41-P41 -> 2.25 | S41: =$E41/12+Q41-R41 -> 2.6666667 | U41: =$E41/12+S41-T41 -> 3.0833333 | V41: 2 | W41: =$E41/12+U41-V41 -> 1.5 | Y41: =$E41/12+W41-X41 -> 1.9166667 | AA41: =$E41/12+Y41-Z41 -> 2.3333333 | AC41: =$E41/12+AA41-AB41 -> 2.75 | AD41: SL | AE41: =AC41 -> 2.75
A42: MALINAO, ROGELIO DELA PENA
C43: Vacation Leave | D43: ='2023 ACCRUAL'!AE43 -> 5.25 | E43: 15 | F43: 4 | G43: =$E43/12-F43+D43 -> 2.5 | I43: =$E43/12+G43-H43 -> 3.75 | J43: 1 | K43: =$E43/12+I43-J43 -> 4 | L43: 1 | M43: =$E43/12+K43-L43 -> 4.25 | O43: =$E43/12+M43-N43 -> 5.5 | P43: 2 | Q43: =$E43/12+O43-P43 -> 4.75 | R43: 2 | S43: =$E43/12+Q43-R43 -> 4 | U43: =$E43/12+S43-T43 -> 5.25 | V43: 1 | W43: =$E43/12+U43-V43 -> 5.5 | Y43: =$E43/12+W43-X43 -> 6.75 | AA43: =$E43/12+Y43-Z43 -> 8 | AC43: =$E43/12+AA43-AB43 -> 9.25 | AD43: VL | AE43: =AC43 -> 9.25
C44: Sick Leave | D44: ='2023 ACCRUAL'!AE44 -> 2.75 | E44: 5 | G44: =$E44/12-F44+D44 -> 3.1666667 | H44: 2 | I44: =$E44/12+G44-H44 -> 1.5833333 | K44: =$E44/12+I44-J44 -> 2 | M44: =$E44/12+K44-L44 -> 2.4166667 | O44: =$E44/12+M44-N44 -> 2.8333333 | P44: 3 | Q44: =$E44/12+O44-P44 -> 0.25 | S44: =$E44/12+Q44-R44 -> 0.66666667 | U44: =$E44/12+S44-T44 -> 1.0833333 | W44: =$E44/12+U44-V44 -> 1.5 | Y44: =$E44/12+W44-X44 -> 1.9166667 | AA44: =$E44/12+Y44-Z44 -> 2.3333333 | AC44: =$E44/12+AA44-AB44 -> 2.75 | AD44: SL | AE44: =AC44 -> 2.75
A45: AGAS, JILLIAN LAO
C46: Vacation Leave | D46: ='2023 ACCRUAL'!AE46 -> 6 | E46: 15 | F46: 4 | G46: =$E46/12-F46+D46 -> 3.25 | I46: =$E46/12+G46-H46 -> 4.5 | K46: =$E46/12+I46-J46 -> 5.75 | M46: =$E46/12+K46-L46 -> 7 | O46: =$E46/12+M46-N46 -> 8.25 | Q46: =$E46/12+O46-P46 -> 9.5 | R46: 4 | S46: =$E46/12+Q46-R46 -> 6.75 | U46: =$E46/12+S46-T46 -> 8 | W46: =$E46/12+U46-V46 -> 9.25 | Y46: =$E46/12+W46-X46 -> 10.5 | AA46: =$E46/12+Y46-Z46 -> 11.75 | AC46: =$E46/12+AA46-AB46 -> 13 | AD46: VL | AE46: =AC46 -> 13
C47: Sick Leave | D47: ='2023 ACCRUAL'!AE47 -> 3.3333333 | E47: 5 | F47: 1 | G47: =$E47/12-F47+D47 -> 2.75 | I47: =$E47/12+G47-H47 -> 3.1666667 | J47: 3 | K47: =$E47/12+I47-J47 -> 0.58333333 | M47: =$E47/12+K47-L47 -> 1 | N47: 1 | O47: =$E47/12+M47-N47 -> 0.41666667 | Q47: =$E47/12+O47-P47 -> 0.83333333 | R47: 2 | S47: =$E47/12+Q47-R47 -> -0.75 | U47: =$E47/12+S47-T47 -> -0.33333333 | W47: =$E47/12+U47-V47 -> 0.083333333 | Y47: =$E47/12+W47-X47 -> 0.5 | AA47: =$E47/12+Y47-Z47 -> 0.91666667 | AC47: =$E47/12+AA47-AB47 -> 1.3333333 | AD47: SL | AE47: =AC47 -> 1.3333333
A48: NAVALON, EVANEL CAACBAY
C49: Vacation Leave | D49: ='2023 ACCRUAL'!AE49 -> 10 | E49: 15 | F49: 4 | G49: =$E49/12-F49+D49 -> 7.25 | I49: =$E49/12+G49-H49 -> 8.5 | K49: =$E49/12+I49-J49 -> 9.75 | M49: =$E49/12+K49-L49 -> 11 | N49: 1 | O49: =$E49/12+M49-N49 -> 11.25 | P49: 1 | Q49: =$E49/12+O49-P49 -> 11.5 | S49: =$E49/12+Q49-R49 -> 12.75 | U49: =$E49/12+S49-T49 -> 14 | V49: 3 | W49: =$E49/12+U49-V49 -> 12.25 | Y49: =$E49/12+W49-X49 -> 13.5 | AA49: =$E49/12+Y49-Z49 -> 14.75 | AC49: =$E49/12+AA49-AB49 -> 16 | AD49: VL | AE49: =AC49 -> 16
C50: Sick Leave | D50: ='2023 ACCRUAL'!AE50 -> 3.3333333 | E50: 5 | G50: =$E50/12-F50+D50 -> 3.75 | H50: 1 | I50: =$E50/12+G50-H50 -> 3.1666667 | K50: =$E50/12+I50-J50 -> 3.5833333 | M50: =$E50/12+K50-L50 -> 4 | N50: 3 | O50: =$E50/12+M50-N50 -> 1.4166667 | Q50: =$E50/12+O50-P50 -> 1.8333333 | S50: =$E50/12+Q50-R50 -> 2.25 | U50: =$E50/12+S50-T50 -> 2.6666667 | W50: =$E50/12+U50-V50 -> 3.0833333 | Y50: =$E50/12+W50-X50 -> 3.5 | AA50: =$E50/12+Y50-Z50 -> 3.9166667 | AC50: =$E50/12+AA50-AB50 -> 4.3333333 | AD50: SL | AE50: =AC50 -> 4.3333333
A51: AGUILAR, IAN MYCO
C52: Vacation Leave | D52: ='2023 ACCRUAL'!AE52 -> 7 | E52: 15 | F52: 1 | G52: =$E52/12-F52+D52 -> 7.25 | I52: =$E52/12+G52-H52 -> 8.5 | J52: 0.5 | K52: =$E52/12+I52-J52 -> 9.25 | M52: =$E52/12+K52-L52 -> 10.5 | O52: =$E52/12+M52-N52 -> 11.75 | P52: 0.5 | Q52: =$E52/12+O52-P52 -> 12.5 | S52: =$E52/12+Q52-R52 -> 13.75 | U52: =$E52/12+S52-T52 -> 15 | V52: 2 | W52: =$E52/12+U52-V52 -> 14.25 | Y52: =$E52/12+W52-X52 -> 15.5 | AA52: =$E52/12+Y52-Z52 -> 16.75 | AC52: =$E52/12+AA52-AB52 -> 18 | AD52: VL | AE52: =AC52 -> 18
C53: Sick Leave | D53: ='2023 ACCRUAL'!AE53 -> 3.3333333 | E53: 5 | G53: =$E53/12-F53+D53 -> 3.75 | H53: 1 | I53: =$E53/12+G53-H53 -> 3.1666667 | K53: =$E53/12+I53-J53 -> 3.5833333 | M53: =$E53/12+K53-L53 -> 4 | N53: 1 | O53: =$E53/12+M53-N53 -> 3.4166667 | Q53: =$E53/12+O53-P53 -> 3.8333333 | S53: =$E53/12+Q53-R53 -> 4.25 | T53: 3 | U53: =$E53/12+S53-T53 -> 1.6666667 | W53: =$E53/12+U53-V53 -> 2.0833333 | Y53: =$E53/12+W53-X53 -> 2.5 | AA53: =$E53/12+Y53-Z53 -> 2.9166667 | AC53: =$E53/12+AA53-AB53 -> 3.3333333 | AD53: SL | AE53: =AC53 -> 3.3333333
A54: MATAGA, EDITH DAVID
C55: Vacation Leave | D55: ='2023 ACCRUAL'!AE56 -> 7.5 | E55: 15 | F55: 3 | G55: =$E55/12-F55+D55 -> 5.75 | H55: 1 | I55: =$E55/12+G55-H55 -> 6 | K55: =$E55/12+I55-J55 -> 7.25 | L55: 2 | M55: =$E55/12+K55-L55 -> 6.5 | N55: 3 | O55: =$E55/12+M55-N55 -> 4.75 | P55: 6 | Q55: =$E55/12+O55-P55 -> 0 | S55: =$E55/12+Q55-R55 -> 1.25 | U55: =$E55/12+S55-T55 -> 2.5 | V55: 2 | W55: =$E55/12+U55-V55 -> 1.75 | Y55: =$E55/12+W55-X55 -> 3 | AA55: =$E55/12+Y55-Z55 -> 4.25 | AC55: =$E55/12+AA55-AB55 -> 5.5 | AD55: VL | AE55: =AC55 -> 5.5
C56: Sick Leave | D56: ='2023 ACCRUAL'!AE57 -> 2.5 | E56: 5 | G56: =$E56/12-F56+D56 -> 2.9166667 | H56: 1 | I56: =$E56/12+G56-H56 -> 2.3333333 | J56: 1 | K56: =$E56/12+I56-J56 -> 1.75 | M56: =$E56/12+K56-L56 -> 2.1666667 | N56: 3 | O56: =$E56/12+M56-N56 -> -0.41666667 | Q56: =$E56/12+O56-P56 -> -7.2164497e-16 | S56: =$E56/12+Q56-R56 -> 0.41666667 | T56: 1 | U56: =$E56/12+S56-T56 -> -0.16666667 | W56: =$E56/12+U56-V56 -> 0.25 | Y56: =$E56/12+W56-X56 -> 0.66666667 | AA56: =$E56/12+Y56-Z56 -> 1.0833333 | AC56: =$E56/12+AA56-AB56 -> 1.5 | AD56: SL | AE56: =AC56 -> 1.5
A57: BENALLA, RENNECA Villapaña
C58: Vacation Leave | D58: ='2023 ACCRUAL'!AE59 -> 7.5 | E58: 15 | F58: 1 | G58: =$E58/12-F58+D58 -> 7.75 | H58: 1 | I58: =$E58/12+G58-H58 -> 8 | K58: =$E58/12+I58-J58 -> 9.25 | M58: =$E58/12+K58-L58 -> 10.5 | N58: 1 | O58: =$E58/12+M58-N58 -> 10.75 | Q58: =$E58/12+O58-P58 -> 12 | R58: 3 | S58: =$E58/12+Q58-R58 -> 10.25 | U58: =$E58/12+S58-T58 -> 11.5 | V58: 2 | W58: =$E58/12+U58-V58 -> 10.75 | Y58: =$E58/12+W58-X58 -> 12 | AA58: =$E58/12+Y58-Z58 -> 13.25 | AC58: =$E58/12+AA58-AB58 -> 14.5 | AD58: VL | AE58: =AC58 -> 14.5
C59: Sick Leave | D59: ='2023 ACCRUAL'!AE60 -> 2.5 | E59: 5 | G59: =$E59/12-F59+D59 -> 2.9166667 | H59: 2 | I59: =$E59/12+G59-H59 -> 1.3333333 | K59: =$E59/12+I59-J59 -> 1.75 | M59: =$E59/12+K59-L59 -> 2.1666667 | O59: =$E59/12+M59-N59 -> 2.5833333 | Q59: =$E59/12+O59-P59 -> 3 | S59: =$E59/12+Q59-R59 -> 3.4166667 | T59: 1 | U59: =$E59/12+S59-T59 -> 2.8333333 | W59: =$E59/12+U59-V59 -> 3.25 | Y59: =$E59/12+W59-X59 -> 3.6666667 | AA59: =$E59/12+Y59-Z59 -> 4.0833333 | AC59: =$E59/12+AA59-AB59 -> 4.5 | AD59: SL | AE59: =AC59 -> 4.5
A60: OCAMPO, ALFRED Naguit
C61: Vacation Leave | D61: ='2023 ACCRUAL'!AE62 -> 7.5 | E61: 15 | F61: 3 | G61: =$E61/12-F61+D61 -> 5.75 | I61: =$E61/12+G61-H61 -> 7 | K61: =$E61/12+I61-J61 -> 8.25 | M61: =$E61/12+K61-L61 -> 9.5 | O61: =$E61/12+M61-N61 -> 10.75 | Q61: =$E61/12+O61-P61 -> 12 | S61: =$E61/12+Q61-R61 -> 13.25 | U61: =$E61/12+S61-T61 -> 14.5 | V61: 8 | W61: =$E61/12+U61-V61 -> 7.75 | Y61: =$E61/12+W61-X61 -> 9 | AA61: =$E61/12+Y61-Z61 -> 10.25 | AC61: =$E61/12+AA61-AB61 -> 11.5 | AD61: VL | AE61: =AC61 -> 11.5
C62: Sick Leave | D62: ='2023 ACCRUAL'!AE63 -> 2.5 | E62: 5 | G62: =$E62/12-F62+D62 -> 2.9166667 | I62: =$E62/12+G62-H62 -> 3.3333333 | K62: =$E62/12+I62-J62 -> 3.75 | L62: 1 | M62: =$E62/12+K62-L62 -> 3.1666667 | O62: =$E62/12+M62-N62 -> 3.5833333 | Q62: =$E62/12+O62-P62 -> 4 | R62: 1 | S62: =$E62/12+Q62-R62 -> 3.4166667 | U62: =$E62/12+S62-T62 -> 3.8333333 | V62: 1 | W62: =$E62/12+U62-V62 -> 3.25 | Y62: =$E62/12+W62-X62 -> 3.6666667 | AA62: =$E62/12+Y62-Z62 -> 4.0833333 | AC62: =$E62/12+AA62-AB62 -> 4.5 | AD62: SL | AE62: =AC62 -> 4.5
A63: EMBUSCADO, EVER A
C64: Vacation Leave | D64: ='2023 ACCRUAL'!AE68 -> 6.25 | E64: 15 | G64: =$E64/12-F64+D64 -> 7.5 | H64: 1 | I64: =$E64/12+G64-H64 -> 7.75 | K64: =$E64/12+I64-J64 -> 9 | M64: =$E64/12+K64-L64 -> 10.25 | O64: =$E64/12+M64-N64 -> 11.5 | Q64: =$E64/12+O64-P64 -> 12.75 | S64: =$E64/12+Q64-R64 -> 14 | U64: =$E64/12+S64-T64 -> 15.25 | V64: 1 | W64: =$E64/12+U64-V64 -> 15.5 | Y64: =$E64/12+W64-X64 -> 16.75 | AA64: =$E64/12+Y64-Z64 -> 18 | AC64: =$E64/12+AA64-AB64 -> 19.25 | AD64: VL | AE64: =AC64 -> 19.25
C65: Sick Leave | D65: ='2023 ACCRUAL'!AE69 -> 2.0833333 | E65: 5 | G65: =$E65/12-F65+D65 -> 2.5 | I65: =$E65/12+G65-H65 -> 2.9166667 | K65: =$E65/12+I65-J65 -> 3.3333333 | M65: =$E65/12+K65-L65 -> 3.75 | O65: =$E65/12+M65-N65 -> 4.1666667 | Q65: =$E65/12+O65-P65 -> 4.5833333 | S65: =$E65/12+Q65-R65 -> 5 | T65: 1 | U65: =$E65/12+S65-T65 -> 4.4166667 | W65: =$E65/12+U65-V65 -> 4.8333333 | Y65: =$E65/12+W65-X65 -> 5.25 | AA65: =$E65/12+Y65-Z65 -> 5.6666667 | AC65: =$E65/12+AA65-AB65 -> 6.0833333 | AD65: SL | AE65: =AC65 -> 6.0833333
A66: TRINIDAD, JENNIFER M
C67: Vacation Leave | D67: ='2023 ACCRUAL'!AE71 -> 6.25 | E67: 15 | G67: =$E67/12-F67+D67 -> 7.5 | I67: =$E67/12+G67-H67 -> 8.75 | K67: =$E67/12+I67-J67 -> 10 | M67: =$E67/12+K67-L67 -> 11.25 | O67: =$E67/12+M67-N67 -> 12.5 | Q67: =$E67/12+O67-P67 -> 13.75 | S67: =$E67/12+Q67-R67 -> 15 | U67: =$E67/12+S67-T67 -> 16.25 | W67: =$E67/12+U67-V67 -> 17.5 | Y67: =$E67/12+W67-X67 -> 18.75 | AA67: =$E67/12+Y67-Z67 -> 20 | AC67: =$E67/12+AA67-AB67 -> 21.25 | AD67: VL | AE67: =AC67 -> 21.25
C68: Sick Leave | D68: ='2023 ACCRUAL'!AE72 -> 2.0833333 | E68: 5 | G68: =$E68/12-F68+D68 -> 2.5 | H68: 1 | I68: =$E68/12+G68-H68 -> 1.9166667 | K68: =$E68/12+I68-J68 -> 2.3333333 | L68: 1 | M68: =$E68/12+K68-L68 -> 1.75 | O68: =$E68/12+M68-N68 -> 2.1666667 | P68: 1 | Q68: =$E68/12+O68-P68 -> 1.5833333 | S68: =$E68/12+Q68-R68 -> 2 | T68: 2 | U68: =$E68/12+S68-T68 -> 0.41666667 | W68: =$E68/12+U68-V68 -> 0.83333333 | Y68: =$E68/12+W68-X68 -> 1.25 | AA68: =$E68/12+Y68-Z68 -> 1.6666667 | AC68: =$E68/12+AA68-AB68 -> 2.0833333 | AD68: SL | AE68: =AC68 -> 2.0833333
A69: MENDOZA , SEAN JUSTINE F
C70: Vacation Leave | D70: ='2023 ACCRUAL'!AE74 -> 6.25 | E70: 15 | G70: =$E70/12-F70+D70 -> 7.5 | I70: =$E70/12+G70-H70 -> 8.75 | K70: =$E70/12+I70-J70 -> 10 | M70: =$E70/12+K70-L70 -> 11.25 | N70: 3 | O70: =$E70/12+M70-N70 -> 9.5 | P70: 2 | Q70: =$E70/12+O70-P70 -> 8.75 | S70: =$E70/12+Q70-R70 -> 10 | U70: =$E70/12+S70-T70 -> 11.25 | W70: =$E70/12+U70-V70 -> 12.5 | Y70: =$E70/12+W70-X70 -> 13.75 | AA70: =$E70/12+Y70-Z70 -> 15 | AC70: =$E70/12+AA70-AB70 -> 16.25 | AD70: VL | AE70: =AC70 -> 16.25
C71: Sick Leave | D71: ='2023 ACCRUAL'!AE75 -> 2.0833333 | E71: 5 | G71: =$E71/12-F71+D71 -> 2.5 | I71: =$E71/12+G71-H71 -> 2.9166667 | K71: =$E71/12+I71-J71 -> 3.3333333 | M71: =$E71/12+K71-L71 -> 3.75 | O71: =$E71/12+M71-N71 -> 4.1666667 | Q71: =$E71/12+O71-P71 -> 4.5833333 | S71: =$E71/12+Q71-R71 -> 5 | U71: =$E71/12+S71-T71 -> 5.4166667 | W71: =$E71/12+U71-V71 -> 5.8333333 | Y71: =$E71/12+W71-X71 -> 6.25 | AA71: =$E71/12+Y71-Z71 -> 6.6666667 | AC71: =$E71/12+AA71-AB71 -> 7.0833333 | AD71: SL | AE71: =AC71 -> 7.0833333
A72: GATBONTON, ANALIZA TALOBAN
C73: Vacation Leave | D73: ='2023 ACCRUAL'!AE77 -> 5 | E73: 15 | G73: =$E73/12-F73+D73 -> 6.25 | I73: =$E73/12+G73-H73 -> 7.5 | K73: =$E73/12+I73-J73 -> 8.75 | M73: =$E73/12+K73-L73 -> 10 | O73: =$E73/12+M73-N73 -> 11.25 | Q73: =$E73/12+O73-P73 -> 12.5 | R73: 1 | S73: =$E73/12+Q73-R73 -> 12.75 | U73: =$E73/12+S73-T73 -> 14 | W73: =$E73/12+U73-V73 -> 15.25 | Y73: =$E73/12+W73-X73 -> 16.5 | AA73: =$E73/12+Y73-Z73 -> 17.75 | AC73: =$E73/12+AA73-AB73 -> 19 | AD73: VL | AE73: =AC73 -> 19
C74: Sick Leave | D74: ='2023 ACCRUAL'!AE78 -> 1.6666667 | E74: 5 | G74: =$E74/12-F74+D74 -> 2.0833333 | I74: =$E74/12+G74-H74 -> 2.5 | J74: 1 | K74: =$E74/12+I74-J74 -> 1.9166667 | M74: =$E74/12+K74-L74 -> 2.3333333 | O74: =$E74/12+M74-N74 -> 2.75 | P74: 1 | Q74: =$E74/12+O74-P74 -> 2.1666667 | R74: 1 | S74: =$E74/12+Q74-R74 -> 1.5833333 | T74: 1 | U74: =$E74/12+S74-T74 -> 1 | W74: =$E74/12+U74-V74 -> 1.4166667 | Y74: =$E74/12+W74-X74 -> 1.8333333 | AA74: =$E74/12+Y74-Z74 -> 2.25 | AC74: =$E74/12+AA74-AB74 -> 2.6666667 | AD74: SL | AE74: =AC74 -> 2.6666667
A75: BASILIO, ABIGAIL ANN Q
C76: Vacation Leave | D76: ='2023 ACCRUAL'!AE80 -> 5 | E76: 15 | G76: =$E76/12-F76+D76 -> 6.25 | H76: 1 | I76: =$E76/12+G76-H76 -> 6.5 | K76: =$E76/12+I76-J76 -> 7.75 | L76: 2 | M76: =$E76/12+K76-L76 -> 7 | O76: =$E76/12+M76-N76 -> 8.25 | P76: 1 | Q76: =$E76/12+O76-P76 -> 8.5 | R76: 3 | S76: =$E76/12+Q76-R76 -> 6.75 | U76: =$E76/12+S76-T76 -> 8 | W76: =$E76/12+U76-V76 -> 9.25 | Y76: =$E76/12+W76-X76 -> 10.5 | AA76: =$E76/12+Y76-Z76 -> 11.75 | AC76: =$E76/12+AA76-AB76 -> 13 | AD76: VL | AE76: =AC76 -> 13
C77: Sick Leave | D77: ='2023 ACCRUAL'!AE81 -> 1.6666667 | E77: 5 | G77: =$E77/12-F77+D77 -> 2.0833333 | I77: =$E77/12+G77-H77 -> 2.5 | J77: 2 | K77: =$E77/12+I77-J77 -> 0.91666667 | M77: =$E77/12+K77-L77 -> 1.3333333 | N77: 2 | O77: =$E77/12+M77-N77 -> -0.25 | Q77: =$E77/12+O77-P77 -> 0.16666667 | S77: =$E77/12+Q77-R77 -> 0.58333333 | U77: =$E77/12+S77-T77 -> 1 | W77: =$E77/12+U77-V77 -> 1.4166667 | Y77: =$E77/12+W77-X77 -> 1.8333333 | AA77: =$E77/12+Y77-Z77 -> 2.25 | AC77: =$E77/12+AA77-AB77 -> 2.6666667 | AD77: SL | AE77: =AC77 -> 2.6666667
A78: CRISANTO, ELRITZ T
C79: Vacation Leave | D79: ='2023 ACCRUAL'!AE83 -> 5 | E79: 15 | G79: =$E79/12-F79+D79 -> 6.25 | I79: =$E79/12+G79-H79 -> 7.5 | K79: =$E79/12+I79-J79 -> 8.75 | L79: 1 | M79: =$E79/12+K79-L79 -> 9 | O79: =$E79/12+M79-N79 -> 10.25 | Q79: =$E79/12+O79-P79 -> 11.5 | R79: 1 | S79: =$E79/12+Q79-R79 -> 11.75 | U79: =$E79/12+S79-T79 -> 13 | V79: 1 | W79: =$E79/12+U79-V79 -> 13.25 | Y79: =$E79/12+W79-X79 -> 14.5 | AA79: =$E79/12+Y79-Z79 -> 15.75 | AC79: =$E79/12+AA79-AB79 -> 17 | AD79: VL | AE79: =AC79 -> 17
C80: Sick Leave | D80: ='2023 ACCRUAL'!AE84 -> 1.6666667 | E80: 5 | G80: =$E80/12-F80+D80 -> 2.0833333 | I80: =$E80/12+G80-H80 -> 2.5 | K80: =$E80/12+I80-J80 -> 2.9166667 | M80: =$E80/12+K80-L80 -> 3.3333333 | N80: 2 | O80: =$E80/12+M80-N80 -> 1.75 | P80: 1 | Q80: =$E80/12+O80-P80 -> 1.1666667 | S80: =$E80/12+Q80-R80 -> 1.5833333 | T80: 1 | U80: =$E80/12+S80-T80 -> 1 | W80: =$E80/12+U80-V80 -> 1.4166667 | Y80: =$E80/12+W80-X80 -> 1.8333333 | AA80: =$E80/12+Y80-Z80 -> 2.25 | AC80: =$E80/12+AA80-AB80 -> 2.6666667 | AD80: SL | AE80: =AC80 -> 2.6666667
A81: PABILLANO, FRANKLIN ROOS C
C82: Vacation Leave | D82: ='2023 ACCRUAL'!AE86 -> 2.5 | E82: 15 | G82: =$E82/12-F82+D82 -> 3.75 | I82: =$E82/12+G82-H82 -> 5 | K82: =$E82/12+I82-J82 -> 6.25 | M82: =$E82/12+K82-L82 -> 7.5 | O82: =$E82/12+M82-N82 -> 8.75 | P82: 1 | Q82: =$E82/12+O82-P82 -> 9 | S82: =$E82/12+Q82-R82 -> 10.25 | U82: =$E82/12+S82-T82 -> 11.5 | W82: =$E82/12+U82-V82 -> 12.75 | Y82: =$E82/12+W82-X82 -> 14 | AA82: =$E82/12+Y82-Z82 -> 15.25 | AC82: =$E82/12+AA82-AB82 -> 16.5 | AD82: VL | AE82: =AC82 -> 16.5
C83: Sick Leave | D83: ='2023 ACCRUAL'!AE87 -> 0.83333333 | E83: 5 | G83: =$E83/12-F83+D83 -> 1.25 | I83: =$E83/12+G83-H83 -> 1.6666667 | K83: =$E83/12+I83-J83 -> 2.0833333 | M83: =$E83/12+K83-L83 -> 2.5 | O83: =$E83/12+M83-N83 -> 2.9166667 | Q83: =$E83/12+O83-P83 -> 3.3333333 | S83: =$E83/12+Q83-R83 -> 3.75 | U83: =$E83/12+S83-T83 -> 4.1666667 | W83: =$E83/12+U83-V83 -> 4.5833333 | Y83: =$E83/12+W83-X83 -> 5 | AA83: =$E83/12+Y83-Z83 -> 5.4166667 | AC83: =$E83/12+AA83-AB83 -> 5.8333333 | AD83: SL | AE83: =AC83 -> 5.8333333
A84: Bansil , Kristian David
C85: Vacation Leave | D85: ='2023 ACCRUAL'!AE90 -> 0 | E85: 15 | I85: =$E85/12+G85-H85 -> 1.25 | K85: =$E85/12+I85-J85 -> 2.5 | M85: =$E85/12+K85-L85 -> 3.75 | O85: =$E85/12+M85-N85 -> 5 | Q85: =$E85/12+O85-P85 -> 6.25 | S85: =$E85/12+Q85-R85 -> 7.5 | U85: =$E85/12+S85-T85 -> 8.75 | W85: =$E85/12+U85-V85 -> 10 | Y85: =$E85/12+W85-X85 -> 11.25 | AA85: =$E85/12+Y85-Z85 -> 12.5 | AC85: =$E85/12+AA85-AB85 -> 13.75 | AD85: VL | AE85: =AC85 -> 13.75
C86: Sick Leave | D86: ='2023 ACCRUAL'!AE91 -> 0 | E86: 5 | I86: =$E86/12+G86-H86 -> 0.41666667 | K86: =$E86/12+I86-J86 -> 0.83333333 | M86: =$E86/12+K86-L86 -> 1.25 | O86: =$E86/12+M86-N86 -> 1.6666667 | Q86: =$E86/12+O86-P86 -> 2.0833333 | S86: =$E86/12+Q86-R86 -> 2.5 | U86: =$E86/12+S86-T86 -> 2.9166667 | W86: =$E86/12+U86-V86 -> 3.3333333 | Y86: =$E86/12+W86-X86 -> 3.75 | AA86: =$E86/12+Y86-Z86 -> 4.1666667 | AC86: =$E86/12+AA86-AB86 -> 4.5833333 | AD86: SL | AE86: =AC86 -> 4.5833333
A87: Probationary Employees (Credits availble 1 month after regularization)
A88: Pangan, Cristina Miranda
C89: Vacation Leave | D89: ='2023 ACCRUAL'!AE93 -> 0 | E89: 15 | M89: =$E89/12+K89-L89 -> 1.25 | O89: =$E89/12+M89-N89 -> 2.5 | Q89: =$E89/12+O89-P89 -> 3.75 | S89: =$E89/12+Q89-R89 -> 5 | U89: =$E89/12+S89-T89 -> 6.25 | W89: =$E89/12+U89-V89 -> 7.5 | Y89: =$E89/12+W89-X89 -> 8.75 | AA89: =$E89/12+Y89-Z89 -> 10 | AC89: =$E89/12+AA89-AB89 -> 11.25 | AD89: VL | AE89: =AC89 -> 11.25
C90: Sick Leave | D90: ='2023 ACCRUAL'!AE94 -> 0 | E90: 5 | M90: =$E90/12+K90-L90 -> 0.41666667 | O90: =$E90/12+M90-N90 -> 0.83333333 | Q90: =$E90/12+O90-P90 -> 1.25 | S90: =$E90/12+Q90-R90 -> 1.6666667 | U90: =$E90/12+S90-T90 -> 2.0833333 | W90: =$E90/12+U90-V90 -> 2.5 | Y90: =$E90/12+W90-X90 -> 2.9166667 | AA90: =$E90/12+Y90-Z90 -> 3.3333333 | AC90: =$E90/12+AA90-AB90 -> 3.75 | AD90: SL | AE90: =AC90 -> 3.75
A91: Seriosa, Erika De leon
C92: Vacation Leave | D92: ='2023 ACCRUAL'!AE96 -> 0 | E92: 15 | M92: =$E92/12+K92-L92 -> 1.25 | O92: =$E92/12+M92-N92 -> 2.5 | Q92: =$E92/12+O92-P92 -> 3.75 | S92: =$E92/12+Q92-R92 -> 5 | U92: =$E92/12+S92-T92 -> 6.25 | W92: =$E92/12+U92-V92 -> 7.5 | Y92: =$E92/12+W92-X92 -> 8.75 | AA92: =$E92/12+Y92-Z92 -> 10 | AC92: =$E92/12+AA92-AB92 -> 11.25 | AD92: VL | AE92: =AC92 -> 11.25
C93: Sick Leave | D93: ='2023 ACCRUAL'!AE97 -> 0 | E93: 5 | M93: =$E93/12+K93-L93 -> 0.41666667 | O93: =$E93/12+M93-N93 -> 0.83333333 | Q93: =$E93/12+O93-P93 -> 1.25 | S93: =$E93/12+Q93-R93 -> 1.6666667 | U93: =$E93/12+S93-T93 -> 2.0833333 | W93: =$E93/12+U93-V93 -> 2.5 | Y93: =$E93/12+W93-X93 -> 2.9166667 | AA93: =$E93/12+Y93-Z93 -> 3.3333333 | AC93: =$E93/12+AA93-AB93 -> 3.75 | AD93: SL | AE93: =AC93 -> 3.75
A94: Samodio, Jhunel Carlo Traifalgar
C95: Vacation Leave | D95: ='2023 ACCRUAL'!AE99 -> 0 | E95: 15 | M95: =$E95/12+K95-L95 -> 1.25 | O95: =$E95/12+M95-N95 -> 2.5 | Q95: =$E95/12+O95-P95 -> 3.75 | S95: =$E95/12+Q95-R95 -> 5 | U95: =$E95/12+S95-T95 -> 6.25 | W95: =$E95/12+U95-V95 -> 7.5 | Y95: =$E95/12+W95-X95 -> 8.75 | AA95: =$E95/12+Y95-Z95 -> 10 | AC95: =$E95/12+AA95-AB95 -> 11.25 | AD95: VL | AE95: =AC95 -> 11.25
C96: Sick Leave | D96: ='2023 ACCRUAL'!AE100 -> 0 | E96: 5 | M96: =$E96/12+K96-L96 -> 0.41666667 | O96: =$E96/12+M96-N96 -> 0.83333333 | Q96: =$E96/12+O96-P96 -> 1.25 | S96: =$E96/12+Q96-R96 -> 1.6666667 | U96: =$E96/12+S96-T96 -> 2.0833333 | W96: =$E96/12+U96-V96 -> 2.5 | Y96: =$E96/12+W96-X96 -> 2.9166667 | AA96: =$E96/12+Y96-Z96 -> 3.3333333 | AC96: =$E96/12+AA96-AB96 -> 3.75 | AD96: SL | AE96: =AC96 -> 3.75
A97: Gueco, Johana Rose Perez
C98: Vacation Leave | D98: ='2023 ACCRUAL'!AE103 -> 0 | E98: 15 | M98: =$E98/12+K98-L98 -> 1.25 | O98: =$E98/12+M98-N98 -> 2.5 | Q98: =$E98/12+O98-P98 -> 3.75 | S98: =$E98/12+Q98-R98 -> 5 | U98: =$E98/12+S98-T98 -> 6.25 | W98: =$E98/12+U98-V98 -> 7.5 | Y98: =$E98/12+W98-X98 -> 8.75 | AA98: =$E98/12+Y98-Z98 -> 10 | AC98: =$E98/12+AA98-AB98 -> 11.25 | AD98: VL | AE98: =AC98 -> 11.25
C99: Sick Leave | D99: ='2023 ACCRUAL'!AE104 -> 0 | E99: 5 | M99: =$E99/12+K99-L99 -> 0.41666667 | O99: =$E99/12+M99-N99 -> 0.83333333 | Q99: =$E99/12+O99-P99 -> 1.25 | S99: =$E99/12+Q99-R99 -> 1.6666667 | U99: =$E99/12+S99-T99 -> 2.0833333 | W99: =$E99/12+U99-V99 -> 2.5 | Y99: =$E99/12+W99-X99 -> 2.9166667 | AA99: =$E99/12+Y99-Z99 -> 3.3333333 | AC99: =$E99/12+AA99-AB99 -> 3.75 | AD99: SL | AE99: =AC99 -> 3.75
A100: Austria, Louis Fernand B
...

Sheet OCT
A1: NAME | B1: VL | C1: SL | D1: SPL | E1: 45566 | F1: 45567 | G1: 45568 | H1: 45569 | I1: 45570 | J1: 45571 | K1: 45572 | L1: 45573 | M1: 45574 | N1: 45575 | O1: 45576 | P1: 45577 | Q1: 45578 | R1: 45579 | S1: 45580 | T1: 45581 | U1: 45582 | V1: 45583 | W1: 45584 | X1: 45585 | Y1: 45586 | Z1: 45587 | AA1: 45588 | AB1: 45589 | AC1: 45590 | AD1: 45591 | AE1: 45592 | AF1: 45593 | AG1: 45594 | AH1: 45595 | AI1: 45596
A2: AGAS, JILLIAN LAO | B2: ='2024'!W46 + 1.25 - (COUNTIF(E2:AI2, "VL") * 1) - (COUNTIF(E2:AI2, "HDL") * 0.5) -> 10.5 | C2: ='2024'!W47 + 0.416666666666666 - COUNTIF(E2:AI2, "SL") -> 0.5
A3: AGUILAR, IAN MYCO | B3: ='2024'!W52+1.25 - (COUNTIF(E3:AI3, "VL") * 1) - (COUNTIF(E3:AI3, "HDL") * 0.5) -> 15.5 | C3: ='2024'!W53+0.416666666666666- COUNTIF(E3:AI3, "SL") -> 1.5 | Y3: SL
A4: ALIMURONG, JOEL LUSUNG | B4: ='2024'!W19+1.25 -(COUNTIF(E4:AI4, "VL") * 1) - (COUNTIF(E4:AI4, "HDL") * 0.5) -> 19.25 | C4: ='2024'!W20+0.416666666666666- COUNTIF(E4:AI4, "SL") -> 8.4266667 | T4: VL
A5: ANTONIO, VINCENT KEVIN SANTOS | B5: ='2024'!W4+1.25 -(COUNTIF(E5:AI5, "VL") * 1) - (COUNTIF(E5:AI5, "HDL") * 0.5) -> 9 | C5: ='2024'!W5+0.416666666666666- COUNTIF(E5:AI5, "SL") -> 5.8466667 | U5: HDL | W5: VL | Y5: VL | AF5: VL
A6: AUSTRIA, LOUIS FERNAND BALUYOT | B6: =6.25+1.25 - (COUNTIF(E6:AI6, "VL") * 1) - (COUNTIF(E6:AI6, "HDL") * 0.5) -> 7.5 | C6: =2.08+0.416666666666666- COUNTIF(E6:AI6, "SL") -> 2.4966667
A7: BANSIL, KRISTIAN DAVID | B7: ='2024'!W85+1.25 - (COUNTIF(E7:AI7, "VL") * 1) - (COUNTIF(E7:AI7, "HDL") * 0.5) -> 10.25 | C7: ='2024'!W86+0.416666666666666- COUNTIF(E7:AI7, "SL") -> 1.75 | U7: VL | AF7: SL | AG7: SL
A8: BASILIO, ABIGAIL ANN Q | B8: ='2024'!W76+1.25 - (COUNTIF(E8:AI8, "VL") * 1) - (COUNTIF(E8:AI8, "HDL") * 0.5) -> 10.5 | C8: ='2024'!W77+0.416666666666666- COUNTIF(E8:AI8, "SL") -> 1.8333333
A9: BENALLA, RENNECA Villapaña | B9: ='2024'!W58+1.25 - (COUNTIF(E9:AI9, "VL") * 1) - (COUNTIF(E9:AI9, "HDL") * 0.5) -> 11 | C9: ='2024'!W59+0.416666666666666- COUNTIF(E9:AI9, "SL") -> 3.6666667 | O9: VL
A10: CAMERINO, YRIS GAELLE PARREÑAS | B10: =6.25+1.25 - (COUNTIF(E10:AI10, "VL") * 1) - (COUNTIF(E10:AI10, "HDL") * 0.5) -> 6.5 | C10: =2.08+0.416666666666666- COUNTIF(E10:AI10, "SL") -> 2.4966667 | T10: VL
A11: CASTRO, AIZEL SANTOS | B11: ='2024'!W25+1.25 - (COUNTIF(E11:AI11, "VL") * 1) - (COUNTIF(E11:AI11, "HDL") * 0.5) -> 18.75 | C11: ='2024'!W26+0.416666666666666- COUNTIF(E11:AI11, "SL") -> 0.42666667 | D11: ='2024'!W27- COUNTIF(E11:AI11, "SPL") -> 6.1666667 | S11: VL | T11: VL
A12: COLIS, REYMARK BRYAN SILVANO | B12: ='2024'!W29+0.125 - (COUNTIF(E12:AI12, "VL") * 1) - (COUNTIF(E12:AI12, "HDL") * 0.5) -> 8.125 | C12: ='2024'!W30+0.416666666666666- COUNTIF(E12:AI12, "SL") -> 8.4266667 | AB12: SL | AC12: SL
A13: CRISANTO, ELRITZ T | B13: ='2024'!W79+1.25 - (COUNTIF(E13:AI13, "VL") * 1) - (COUNTIF(E13:AI13, "HDL") * 0.5) -> 14.5 | C13: ='2024'!W80+0.416666666666666- COUNTIF(E13:AI13, "SL") -> 0.83333333 | AB13: SL
A14: DELA CRUZ, SHAINA DIMAYUGO | B14: =5+1.25 - (COUNTIF(E14:AI14, "VL") * 1) - (COUNTIF(E14:AI14, "HDL") * 0.5) -> 1.25 | C14: =1+0.416666666666666- COUNTIF(E14:AI14, "SL") -> 0.41666667 | E14: SL | F14: VL | G14: VL | H14: VL | I14: VL | J14: VL
A15: EMBUSCADO, EVER A | B15: ='2024'!W64+1.25 - (COUNTIF(E15:AI15, "VL") * 1) - (COUNTIF(E15:AI15, "HDL") * 0.5) -> 16.75 | C15: ='2024'!W65+0.416666666666666- COUNTIF(E15:AI15, "SL") -> 5.25
A16: FERNANDEZ, FRANCIS EMMANUEL VELOSO | B16: ='2024'!W22+1.25 - (COUNTIF(E16:AI16, "VL") * 1) - (COUNTIF(E16:AI16, "HDL") * 0.5) -> 12.75 | C16: ='2024'!W23+0.416666666666666- COUNTIF(E16:AI16, "SL") -> 1.4266667 | X16: SL | Y16: SL
A17: GALGO, CEDRICK CRUZ | B17: ='2024'!W13+1.25 - (COUNTIF(E17:AI17, "VL") * 1) - (COUNTIF(E17:AI17, "HDL") * 0.5) -> 21 | C17: ='2024'!W14+0.416666666666666- COUNTIF(E17:AI17, "SL") -> 8.8466667
A18: GATBONTON, ANALIZA TALOBAN | B18: ='2024'!W73+1.25 - (COUNTIF(E18:AI18, "VL") * 1) - (COUNTIF(E18:AI18, "HDL") * 0.5) -> 15.5 | C18: ='2024'!W74+0.416666666666666- COUNTIF(E18:AI18, "SL") -> 1.8333333 | E18: VL
A19: GATBONTON, BEVERLY TALOBAN | B19: ='2024'!W40+1.25 -(COUNTIF(E19:AI19, "VL") * 1) - (COUNTIF(E19:AI19, "HDL") * 0.5) -> 3.75 | C19: ='2024'!W41+0.416666666666666- COUNTIF(E19:AI19, "SL") -> 1.9166667 | E19: VL | H19: VL | T19: HDL | U19: HDL | AF19: LWOP | AH19: HDL
A20: JOSAFAT, RENALYN | B20: ='2024'!W10+1.25 - -(COUNTIF(E20:AI20, "VL") * 1) - (COUNTIF(E20:AI20, "HDL") * 0.5) -> 16.5 | C20: ='2024'!W11+0.416666666666666- COUNTIF(E20:AI20, "SL") -> 0.84666667 | J20: SL | AA20: VL
A21: MALINAO, ROGELIO DELA PENA | B21: ='2024'!W43+1.25 -(COUNTIF(E21:AI21, "VL") * 1) - (COUNTIF(E21:AI21, "HDL") * 0.5) -> 6.75 | C21: ='2024'!W44+0.416666666666666- COUNTIF(E21:AI21, "SL") -> 0.91666667 | S21: SL
A22: MATAGA, EDITH DAVID | B22: ='2024'!W55+1.25 - (COUNTIF(E22:AI22, "VL") * 1) - (COUNTIF(E22:AI22, "HDL") * 0.5) -> 1 | C22: ='2024'!W56+0.416666666666666- COUNTIF(E22:AI22, "SL") -> 0.66666667 | M22: HDL | O22: VL | AG22: HDL
A23: MENDOZA , SEAN JUSTINE F | B23: ='2024'!W70+1.25 - (COUNTIF(E23:AI23, "VL") * 1) - (COUNTIF(E23:AI23, "HDL") * 0.5) -> 9.75 | C23: ='2024'!W71+0.416666666666666- COUNTIF(E23:AI23, "SL") -> 4.25 | E23: VL | Y23: VL | Z23: VL | AA23: VL | AB23: SL | AC23: SL
A24: NAVALON, EVANEL CAACBAY | B24: ='2024'!W49+1.25 - (COUNTIF(E24:AI24, "VL") * 1) - (COUNTIF(E24:AI24, "HDL") * 0.5) -> 13.5 | C24: ='2024'!W50+0.416666666666666- COUNTIF(E24:AI24, "SL") -> 1.5 | L24: SL | N24: SL
A25: OCAMPO, ALFRED NAGUIT | B25: ='2024'!W61+1.25 - (COUNTIF(E25:AI25, "VL") * 1) - (COUNTIF(E25:AI25, "HDL") * 0.5) -> 9 | C25: ='2024'!W62+0.416666666666666- COUNTIF(E25:AI25, "SL") -> 3.6666667
A26: OTSUKA, SHIGERU CENTINA | B26: ='2024'!W16+1.25 - (COUNTIF(E26:AI26, "VL") * 1) - (COUNTIF(E26:AI26, "HDL") * 0.5) -> 11 | C26: ='2024'!W17+0.416666666666666- COUNTIF(E26:AI26, "SL") -> 0.84666667 | U26: VL | V26: VL | AC26: VL
A27: PABILLANO, FRANKLIN ROOS C | B27: ='2024'!W82+1.25 - (COUNTIF(E27:AI27, "VL") * 1) - (COUNTIF(E27:AI27, "HDL") * 0.5) -> 14 | C27: ='2024'!W83+0.416666666666666- COUNTIF(E27:AI27, "SL") -> 5
A28: PANGAN, CRISTINA MIRANDA | B28: =6.25+1.25 - (COUNTIF(E28:AI28, "VL") * 1) - (COUNTIF(E28:AI28, "HDL") * 0.5) -> 5.5 | C28: =2.08+0.416666666666666- COUNTIF(E28:AI28, "SL") -> 2.4966667 | G28: VL | R28: VL
A29: PINEDA, ERIKA SERIOSA | B29: =6.25+1.25 - (COUNTIF(E29:AI29, "VL") * 1) - (COUNTIF(E29:AI29, "HDL") * 0.5) -> 7.5 | C29: =2.08+0.416666666666666- COUNTIF(E29:AI29, "SL") -> 2.4966667
A30: RONQUILLO, RHEGENE INGAT | B30: ='2024'!W34+1.25 - (COUNTIF(E30:AI30, "VL") * 1) - (COUNTIF(E30:AI30, "HDL") * 0.5) -> 6.75 | C30: ='2024'!W35+0.416666666666666- COUNTIF(E30:AI30, "SL") -> 3.9166667 | E30: HDL | H30: SL | O30: HDL | R30: SL
A31: SARTHOU, IAN MICHAEL LOUIE ALEGA | B31: ='2024'!W32+1.25 - (COUNTIF(E31:AI31, "VL") * 1) - (COUNTIF(E31:AI31, "HDL") * 0.5) -> 18.25 | C31: ='2024'!W33+0.416666666666666- COUNTIF(E31:AI31, "SL") -> 5.75 | U31: SL | V31: SL
A32: SORIANO, MARY ANN VALLEJOS | B32: ='2024'!W37+1.25 - (COUNTIF(E32:AI32, "VL") * 1) - (COUNTIF(E32:AI32, "HDL") * 0.5) -> 2.25 | C32: ='2024'!W38+0.416666666666666- COUNTIF(E32:AI32, "SL") -> 2.4166667 | N32: VL
A33: TRINIDAD, JENNIFER M | B33: ='2024'!W67+1.25 - (COUNTIF(E33:AI33, "VL") * 1) - (COUNTIF(E33:AI33, "HDL") * 0.5) -> 18.75 | C33: ='2024'!W68+0.416666666666666- COUNTIF(E33:AI33, "SL") -> 1.25
A36: Samodio, Jhunel Carlo Traifalgar | B36: =1.25*6- (COUNTIF(E36:AI36, "VL") * 1) - (COUNTIF(E36:AI36, "HDL") * 0.5) -> 7.5 | C36: =0.416666666666666*6- COUNTIF(E36:AI36, "SL") -> 1.5 | W36: SL
A37: Gueco, Johana Rose Perez | B37: =1.25*6- (COUNTIF(E37:AI37, "VL") * 1) - (COUNTIF(E37:AI37, "HDL") * 0.5) -> 7.5 | C37: =0.416666666666666*6- COUNTIF(E37:AI37, "SL") -> 2.5 | D37: =7- COUNTIF(E37:AH37, "SPL") -> 5 | W37: SPL | AH37: SPL
A38: Lozano, Aldwin John | B38: =1.25*6- (COUNTIF(E38:AI38, "VL") * 1) - (COUNTIF(E38:AI38, "HDL") * 0.5) -> 6.5 | C38: =0.416666666666666*6- COUNTIF(E38:AI38, "SL") -> 1.5 | W38: VL | AA38: SL
A39: Austria, Louis Fernand B | B39: =1.25*6- (COUNTIF(E39:AI39, "VL") * 1) - (COUNTIF(E39:AI39, "HDL") * 0.5) -> 7.5 | C39: =0.416666666666666*6- COUNTIF(E39:AI39, "SL") -> 2.5
A40: Lozano, Aldwin John | B40: =1.25*6- (COUNTIF(E40:AI40, "VL") * 1) - (COUNTIF(E40:AI40, "HDL") * 0.5) -> 7.5 | C40: =0.416666666666666*6- COUNTIF(E40:AI40, "SL") -> 2.5
A41: Camerino, Yris Gaelle P. | B41: =1.25*6- (COUNTIF(E41:AI41, "VL") * 1) - (COUNTIF(E41:AI41, "HDL") * 0.5) -> 7.5 | C41: =0.416666666666666*6- COUNTIF(E41:AI41, "SL") -> 2.5

Sheet NOV
A1: NAME | B1: VL | C1: SL | D1: SPL | E1: 45597 | F1: 45598 | G1: 45599 | H1: 45600 | I1: 45601 | J1: 45602 | K1: 45603 | L1: 45604 | M1: 45605 | N1: 45606 | O1: 45607 | P1: 45608 | Q1: 45609 | R1: 45610 | S1: 45611 | T1: 45612 | U1: 45613 | V1: 45614 | W1: 45615 | X1: 45616 | Y1: 45617 | Z1: 45618 | AA1: 45619 | AB1: 45620 | AC1: 45621 | AD1: 45622 | AE1: 45623 | AF1: 45624 | AG1: 45625 | AH1: 45626
A2: AGAS, JILLIAN LAO | B2: =OCT!B2 + 1.25 - (COUNTIF(E2:AH2, "VL") * 1) - (COUNTIF(E2:AH2, "HDL") * 0.5) -> 9.75 | C2: =OCT!C2+ 0.416666666666666 - COUNTIF(E2:AH2, "SL") -> 0.91666667 | M2: VL | P2: VL
A3: AGUILAR, IAN MYCO | B3: =OCT!B3 + 1.25 - (COUNTIF(E3:AH3, "VL") * 1) - (COUNTIF(E3:AH3, "HDL") * 0.5) -> 16.75 | C3: =OCT!C3+ 0.416666666666666 - COUNTIF(E3:AH3, "SL") -> 0.91666667 | H3: SL
A4: ALIMURONG, JOEL LUSUNG | B4: =OCT!B4 + 1.25 - (COUNTIF(E4:AH4, "VL") * 1) - (COUNTIF(E4:AH4, "HDL") * 0.5) -> 20.5 | C4: =OCT!C4+ 0.416666666666666 - COUNTIF(E4:AH4, "SL") -> 7.8433333 | I4: SL
A5: ANTONIO, VINCENT KEVIN SANTOS | B5: =OCT!B5 + 1.25 - (COUNTIF(E5:AH5, "VL") * 1) - (COUNTIF(E5:AH5, "HDL") * 0.5) -> 9.25 | C5: =OCT!C5+ 0.416666666666666 - COUNTIF(E5:AH5, "SL") -> 5.2633333 | V5: VL | W5: SL
A6: AUSTRIA, LOUIS FERNAND BALUYOT | B6: =OCT!B39+1.25- (COUNTIF(E6:AH6, "VL") * 1) - (COUNTIF(E6:AH6, "HDL") * 0.5) -> 8.75 | C6: =OCT!C39+0.416666666666666- COUNTIF(E6:AH6, "SL") -> 2.9166667
A7: BACONGALLO, NIKA NUEVA | B7: =1.25*6- (COUNTIF(E7:AH7, "VL") * 1) - (COUNTIF(E7:AH7, "HDL") * 0.5) -> 7.5 | C7: =0.416666666666666*6- COUNTIF(E7:AH7, "SL") -> 1.5 | S7: SL
A8: BANSIL, KRISTIAN DAVID | B8: ='2024'!W85+1.25 - (COUNTIF(E8:AH8, "VL") * 1) - (COUNTIF(E8:AH8, "HDL") * 0.5) -> 11.25 | C8: ='2024'!W86+0.416666666666666- COUNTIF(E8:AH8, "SL") -> 3.75
A9: BENALLA, RENNECA Villapaña | B9: ='2024'!W58+1.25 - (COUNTIF(E9:AH9, "VL") * 1) - (COUNTIF(E9:AH9, "HDL") * 0.5) -> 11 | C9: ='2024'!W59+0.416666666666666- COUNTIF(E9:AH9, "SL") -> 3.6666667 | O9: VL
A10: CAMERINO, YRIS GAELLE PARREÑAS | B10: =OCT!B41+1.25 - (COUNTIF(E10:AH10, "VL") * 1) - (COUNTIF(E10:AH10, "HDL") * 0.5) -> 8.75 | C10: =OCT!C41+0.416666666666666- COUNTIF(E10:AH10, "SL") -> 1.9166667 | Y10: SL
A11: CASTRO, AIZEL SANTOS | B11: =OCT!B11+1.25 - (COUNTIF(E11:AH11, "VL") * 1) - (COUNTIF(E11:AH11, "HDL") * 0.5) -> 13 | C11: =OCT!C11+0.416666666666666- COUNTIF(E11:AH11, "SL") -> -0.15666667 | D11: =OCT!D11- COUNTIF(E11:AH11, "SPL") -> 6.1666667 | J11: SL | L11: VL | O11: VL | P11: VL | Q11: VL | R11: VL | S11: VL | V11: VL
A12: CASTILLANO, DENVER ORLANDA | B12: =1.25*5 - (COUNTIF(E12:AH12, "VL") * 1) - (COUNTIF(E12:AH12, "HDL") * 0.5) -> 6.25 | C12: =0.416666666666666*5- COUNTIF(E12:AH12, "SL") -> 2.0833333
A13: COLIS, REYMARK BRYAN SILVANO | B13: =OCT!B12+1.25 - (COUNTIF(E13:AH13, "VL") * 1) - (COUNTIF(E13:AH13, "HDL") * 0.5) -> 6.375 | C13: =OCT!C12+0.416666666666666- COUNTIF(E13:AH13, "SL") -> 8.8433333 | V13: VL | W13: VL | X13: VL
A14: CRISANTO, ELRITZ T | B14: =OCT!B13+1.25 - (COUNTIF(E14:AH14, "VL") * 1) - (COUNTIF(E14:AH14, "HDL") * 0.5) -> 14.75 | C14: =OCT!C13+0.416666666666666- COUNTIF(E14:AH14, "SL") -> 1.25 | AC14: VL
A15: DELA CRUZ, SHAINA DIMAYUGO | B15: =OCT!B14+1.25 - (COUNTIF(E15:AH15, "VL") * 1) - (COUNTIF(E15:AH15, "HDL") * 0.5) -> 2.5 | C15: =OCT!C14+0.416666666666666- COUNTIF(E15:AH15, "SL") -> 0.83333333
A16: EMBUSCADO, EVER A | B16: =OCT!B15+1.25 - (COUNTIF(E16:AH16, "VL") * 1) - (COUNTIF(E16:AH16, "HDL") * 0.5) -> 18 | C16: =OCT!C15+0.416666666666666- COUNTIF(E16:AH16, "SL") -> 5.6666667
A17: FERNANDEZ, FRANCIS EMMANUEL VELOSO | B17: =OCT!B16+1.25 - (COUNTIF(E17:AH17, "VL") * 1) - (COUNTIF(E17:AH17, "HDL") * 0.5) -> 14 | C17: =OCT!C16+0.416666666666666- COUNTIF(E17:AH17, "SL") -> 1.8433333
A18: GALGO, CEDRICK CRUZ | B18: =OCT!B17+1.25 - (COUNTIF(E18:AH18, "VL") * 1) - (COUNTIF(E18:AH18, "HDL") * 0.5) -> 22.25 | C18: =OCT!C17+0.416666666666666- COUNTIF(E18:AH18, "SL") -> 9.2633333
A19: GATBONTON, ANALIZA TALOBAN | B19: =OCT!B18+1.25 - (COUNTIF(E19:AH19, "VL") * 1) - (COUNTIF(E19:AH19, "HDL") * 0.5) -> 13.75 | C19: =OCT!C18+0.416666666666666- COUNTIF(E19:AH19, "SL") -> 2.25 | R19: VL | S19: VL | AG19: VL
A20: GATBONTON, BEVERLY TALOBAN | B20: =OCT!B19+1.25 -(COUNTIF(E20:AH20, "VL") * 1) - (COUNTIF(E20:AH20, "HDL") * 0.5) -> 3 | C20: =OCT!C19+0.416666666666666- COUNTIF(E20:AH20, "SL") -> 0.33333333 | J20: SL | L20: SL | R20: VL | S20: VL
A21: GUECO, JOHANA ROSE PEREZ | B21: =OCT!B37+1.25 -(COUNTIF(E21:AH21, "VL") * 1) - (COUNTIF(E21:AH21, "HDL") * 0.5) -> 6.75 | C21: =OCT!C37+0.416666666666666- COUNTIF(E21:AH21, "SL") -> 2.9166667 | D21: =OCT!D37- COUNTIF(E21:AH21, "SPL") -> 3 | P21: SPL | Q21: SPL | Y21: VL | Z21: VL
A22: JOSAFAT, RENALYN | B22: =OCT!B20+1.25 -(COUNTIF(E22:AH22, "VL") * 1) - (COUNTIF(E22:AH22, "HDL") * 0.5) -> 9.75 | C22: =OCT!C20+0.416666666666666- COUNTIF(E22:AH22, "SL") -> 0.26333333 | I22: VL | Q22: VL | Y22: VL | Z22: VL | AC22: VL | AD22: VL | AE22: VL | AF22: VL | AG22: SL
A23: LOZANO, ALDWIN JOHN | B23: =OCT!B38+1.25 - -(COUNTIF(E23:AH23, "VL") * 1) - (COUNTIF(E23:AH23, "HDL") * 0.5) -> 7.75 | C23: =OCT!C38+0.416666666666666- COUNTIF(E23:AH23, "SL") -> 1.9166667
A24: MALINAO, ROGELIO DELA PENA | B24: =OCT!B21+1.25 -(COUNTIF(E24:AH24, "VL") * 1) - (COUNTIF(E24:AH24, "HDL") * 0.5) -> 7 | C24: =OCT!C21+0.416666666666666- COUNTIF(E24:AH24, "SL") -> 1.3333333 | AC24: VL
A25: MATAGA, EDITH DAVID | B25: =OCT!B22+1.25 - (COUNTIF(E25:AH25, "VL") * 1) - (COUNTIF(E25:AH25, "HDL") * 0.5) -> 0.25 | C25: =OCT!C22+0.416666666666666- COUNTIF(E25:AH25, "SL") -> 0.083333333 | L25: VL | Q25: HDL | R25: SL | S25: HDL
A26: MENDOZA , SEAN JUSTINE F | B26: =OCT!B23+1.25 - (COUNTIF(E26:AH26, "VL") * 1) - (COUNTIF(E26:AH26, "HDL") * 0.5) -> 11 | C26: =OCT!C23+0.416666666666666- COUNTIF(E26:AH26, "SL") -> 3.6666667 | P26: SL
A27: NAVALON, EVANEL CAACBAY | B27: =OCT!B24+1.25 - (COUNTIF(E27:AH27, "VL") * 1) - (COUNTIF(E27:AH27, "HDL") * 0.5) -> 14.75 | C27: =OCT!C24+0.416666666666666- COUNTIF(E27:AH27, "SL") -> 0.91666667 | AF27: SL
A28: OCAMPO, ALFRED NAGUIT | B28: =OCT!B25+1.25 - (COUNTIF(E28:AH28, "VL") * 1) - (COUNTIF(E28:AH28, "HDL") * 0.5) -> 10.25 | C28: =OCT!C25+0.416666666666666- COUNTIF(E28:AH28, "SL") -> 4.0833333
A29: OTSUKA, SHIGERU CENTINA | B29: =OCT!B26+1.25 - (COUNTIF(E29:AH29, "VL") * 1) - (COUNTIF(E29:AH29, "HDL") * 0.5) -> 11.25 | C29: =OCT!C26+0.416666666666666- COUNTIF(E29:AH29, "SL") -> 1.2633333 | V29: VL
A30: PABILLANO, FRANKLIN ROOS C | B30: =OCT!B27+1.25 - (COUNTIF(E30:AH30, "VL") * 1) - (COUNTIF(E30:AH30, "HDL") * 0.5) -> 15.25 | C30: =OCT!C27+0.416666666666666- COUNTIF(E30:AH30, "SL") -> 5.4166667
A31: PANGAN, CRISTINA MIRANDA | B31: =OCT!B28+1.25 - (COUNTIF(E31:AH31, "VL") * 1) - (COUNTIF(E31:AH31, "HDL") * 0.5) -> 6.75 | C31: =OCT!C28+0.416666666666666- COUNTIF(E31:AH31, "SL") -> 2.9133333
A32: PINEDA, ERIKA SERIOSA | B32: =OCT!B29+1.25 - (COUNTIF(E32:AH32, "VL") * 1) - (COUNTIF(E32:AH32, "HDL") * 0.5) -> 3.75 | C32: =OCT!C29+0.416666666666666- COUNTIF(E32:AH32, "SL") -> 2.9133333 | AC32: VL | AD32: VL | AE32: VL | AF32: VL | AG32: VL
A33: RONQUILLO, RHEGENE INGAT | B33: =OCT!B30+1.25 - (COUNTIF(E33:AH33, "VL") * 1) - (COUNTIF(E33:AH33, "HDL") * 0.5) -> 8 | C33: =OCT!C30+0.416666666666666- COUNTIF(E33:AH33, "SL") -> 3.3333333 | AC33: SL
A34: SAMODIO, JHUNEL CARLO TRAIFALGAR | B34: =OCT!B36+1.25 - (COUNTIF(E34:AH34, "VL") * 1) - (COUNTIF(E34:AH34, "HDL") * 0.5) -> 8.75 | C34: =OCT!C36+0.416666666666666- COUNTIF(E34:AH34, "SL") -> 0.91666667 | Q34: SL
A35: SARTHOU, IAN MICHAEL LOUIE ALEGA | B35: =OCT!B31+1.25 - (COUNTIF(E35:AH35, "VL") * 1) - (COUNTIF(E35:AH35, "HDL") * 0.5) -> 19.5 | C35: =OCT!C31+0.416666666666666- COUNTIF(E35:AH35, "SL") -> 6.1666667
A36: SORIANO, MARY ANN VALLEJOS | B36: =OCT!B32+1.25 - (COUNTIF(E36:AH36, "VL") * 1) - (COUNTIF(E36:AH36, "HDL") * 0.5) -> 3.5 | C36: =OCT!C32+0.416666666666666- COUNTIF(E36:AH36, "SL") -> 1.8333333 | T36: SL
A37: TRINIDAD, JENNIFER M | B37: =OCT!B33+1.25 - (COUNTIF(E37:AH37, "VL") * 1) - (COUNTIF(E37:AH37, "HDL") * 0.5) -> 12 | C37: =OCT!C33+0.416666666666666- COUNTIF(E37:AH37, "SL") -> 1.6666667 | J37: VL | Y37: VL | Z37: VL | AC37: VL | AD37: VL | AE37: VL | AF37: VL | AG37: VL

Sheet Jan2025
A1: NAME | B1: VL | C1: SL | D1: SPL | E1: 45658 | F1: 45659 | G1: 45660 | H1: 45661 | I1: 45662 | J1: 45663 | K1: 45664 | L1: 45665 | M1: 45666 | N1: 45667 | O1: 45668 | P1: 45669 | Q1: 45670 | R1: 45671 | S1: 45672 | T1: 45673 | U1: 45674 | V1: 45675 | W1: 45676 | X1: 45677 | Y1: 45678 | Z1: 45679 | AA1: 45680 | AB1: 45681 | AC1: 45682 | AD1: 45683 | AE1: 45684 | AF1: 45685 | AG1: 45686 | AH1: 45687 | AI1: 45688 | AJ1: TOTAL SL
A2: AGAS, JILLIAN LAO | B2: =DEC!B2+1.25- (COUNTIF(E2:AI2, "VL") * 1) - (COUNTIF(E2:AI2, "HDL") * 0.5) -> 8.25 | C2: =5- COUNTIF(E2:AI2, "SL")-(COUNTIF(E2:AI2, "HDSL") * 0.5) -> 4 | K2: SL | AJ2: =COUNTIF(E2:AI2,"SL") -> 1
A3: AGUILAR, IAN MYCO | B3: =DEC!B3+1.25- (COUNTIF(E3:AI3, "VL") * 1) - (COUNTIF(E3:AI3, "HDL") * 0.5) -> 12.25 | C3: =5- COUNTIF(E3:AI3, "SL")-(COUNTIF(E3:AI3, "HDSL") * 0.5) -> 5 | F3: VL | G3: VL | J3: VL | AJ3: =COUNTIF(E3:AI3,"SL") -> 0
A4: ALIMURONG, JOEL LUSUNG | B4: =DEC!B4+1.25- (COUNTIF(E4:AI4, "VL") * 1) - (COUNTIF(E4:AI4, "HDL") * 0.5) -> 13 | C4: =5- COUNTIF(E4:AI4, "SL")-(COUNTIF(E4:AI4, "HDSL") * 0.5) -> 4 | F4: VL | G4: VL | J4: VL | K4: VL | L4: VL | M4: VL | N4: VL | Q4: VL | AH4: SL | AJ4: =COUNTIF(E4:AI4,"SL") -> 1
A5: ANTONIO, VINCENT KEVIN SANTOS | B5: =DEC!B5+1.25- (COUNTIF(E5:AI5, "VL") * 1) - (COUNTIF(E5:AI5, "HDL") * 0.5) -> 7.75 | C5: =5- COUNTIF(E5:AI5, "SL")-(COUNTIF(E5:AI5, "HDSL") * 0.5) -> 4.5 | F5: VL | G5: VL | U5: HDSL | AI5: VL | AJ5: =COUNTIF(E5:AI5,"SL") -> 0
A6: AUSTRIA, LOUIS FERNAND BALUYOT | B6: =DEC!B6+1.25- (COUNTIF(E6:AI6, "VL") * 1) - (COUNTIF(E6:AI6, "HDL") * 0.5) -> 1.25 | C6: =5- COUNTIF(E6:AI6, "SL")-(COUNTIF(E6:AI6, "HDSL") * 0.5) -> 5 | F6: VL | G6: VL | AJ6: =COUNTIF(E6:AI6,"SL") -> 0
A7: BACONGALLO, NIKA NUEVA | B7: =DEC!B7+1.25- (COUNTIF(E7:AI7, "VL") * 1) - (COUNTIF(E7:AI7, "HDL") * 0.5) -> 2 | C7: =5- COUNTIF(E7:AI7, "SL")-(COUNTIF(E7:AI7, "HDSL") * 0.5) -> 5 | F7: VL | G7: VL | I7: VL | AJ7: =COUNTIF(E7:AI7,"SL") -> 0
A8: BANSIL, KRISTIAN DAVID | B8: =DEC!B8+1.25- (COUNTIF(E8:AI8, "VL") * 1) - (COUNTIF(E8:AI8, "HDL") * 0.5) -> 6.75 | C8: =5- COUNTIF(E8:AI8, "SL")-(COUNTIF(E8:AI8, "HDSL") * 0.5) -> 5 | F8: VL | AJ8: =COUNTIF(E8:AI8,"SL") -> 0
A9: BENALLA, RENNECA Villapaña | B9: =DEC!B9+1.25- (COUNTIF(E9:AI9, "VL") * 1) - (COUNTIF(E9:AI9, "HDL") * 0.5) -> 11.5 | C9: =5- COUNTIF(E9:AI9, "SL")-(COUNTIF(E9:AI9, "HDSL") * 0.5) -> 5 | F9: VL | AJ9: =COUNTIF(E9:AI9,"SL") -> 0
A10: CAMERINO, YRIS GAELLE PARREÑAS | B10: =DEC!B10+1.25- (COUNTIF(E10:AI10, "VL") * 1) - (COUNTIF(E10:AI10, "HDL") * 0.5) -> 3.25 | C10: =5- COUNTIF(E10:AI10, "SL")-(COUNTIF(E10:AI10, "HDSL") * 0.5) -> 5 | F10: VL | G10: VL | J10: VL | K10: VL | AJ10: =COUNTIF(E10:AI10,"SL") -> 0
A11: CASTRO, AIZEL SANTOS | B11: =DEC!B11+1.25- (COUNTIF(E11:AI11, "VL") * 1) - (COUNTIF(E11:AI11, "HDL") * 0.5) -> 10.5 | C11: =5- COUNTIF(E11:AI11, "SL")-(COUNTIF(E11:AI11, "HDSL") * 0.5) -> 4 | D11: =7- COUNTIF(E11:AI11, "SPL") -> 7 | F11: VL | G11: VL | J11: SL | AJ11: =COUNTIF(E11:AI11,"SL") -> 1
A12: CASTILLANO, DENVER ORLANDA | B12: =DEC!B12+1.25- (COUNTIF(E12:AI12, "VL") * 1) - (COUNTIF(E12:AI12, "HDL") * 0.5) -> 3.75 | C12: =5- COUNTIF(E12:AI12, "SL")-(COUNTIF(E12:AI12, "HDSL") * 0.5) -> 5 | F12: VL | Q12: VL | AJ12: =COUNTIF(E12:AI12,"SL") -> 0
A13: CATOLOGO, MARNIE | B13: =DEC!B13+1.25- (COUNTIF(E13:AI13, "VL") * 1) - (COUNTIF(E13:AI13, "HDL") * 0.5) -> 6.75 | C13: =5- COUNTIF(E13:AI13, "SL")-(COUNTIF(E13:AI13, "HDSL") * 0.5) -> 3 | G13: VL | N13: SL | AF13: SL | AJ13: =COUNTIF(E13:AI13,"SL") -> 2
A14: COLIS, REYMARK BRYAN SILVANO | B14: =DEC!B14+1.25- (COUNTIF(E14:AI14, "VL") * 1) - (COUNTIF(E14:AI14, "HDL") * 0.5) -> 7.875 | C14: =5- COUNTIF(E14:AI14, "SL")-(COUNTIF(E14:AI14, "HDSL") * 0.5) -> 3 | F14: SL | G14: SL | U14: VL | AJ14: =COUNTIF(E14:AI14,"SL") -> 2
A15: CRISANTO, ELRITZ T | B15: =DEC!B15+1.25- (COUNTIF(E15:AI15, "VL") * 1) - (COUNTIF(E15:AI15, "HDL") * 0.5) -> 7.25 | C15: =5- COUNTIF(E15:AI15, "SL")-(COUNTIF(E15:AI15, "HDSL") * 0.5) -> 3 | F15: VL | G15: VL | N15: VL | X15: VL | AA15: SL | AG15: SL | AJ15: =COUNTIF(E15:AI15,"SL") -> 2
A16: DELA CRUZ, SHAINA DIMAYUGO | B16: =DEC!B16+1.25- (COUNTIF(E16:AI16, "VL") * 1) - (COUNTIF(E16:AI16, "HDL") * 0.5) -> 2 | C16: =5- COUNTIF(E16:AI16, "SL")-(COUNTIF(E16:AI16, "HDSL") * 0.5) -> 4 | AB16: SL | AJ16: =COUNTIF(E16:AI16,"SL") -> 1
A17: EMBUSCADO, EVER A | B17: =DEC!B17+1.25- (COUNTIF(E17:AI17, "VL") * 1) - (COUNTIF(E17:AI17, "HDL") * 0.5) -> 8.5 | C17: =5- COUNTIF(E17:AI17, "SL")-(COUNTIF(E17:AI17, "HDSL") * 0.5) -> 5 | F17: VL | G17: VL | J17: VL | K17: VL | AJ17: =COUNTIF(E17:AI17,"SL") -> 0
A18: FERNANDEZ, FRANCIS EMMANUEL VELOSO | B18: =DEC!B18+1.25- (COUNTIF(E18:AI18, "VL") * 1) - (COUNTIF(E18:AI18, "HDL") * 0.5) -> 11.5 | C18: =5- COUNTIF(E18:AI18, "SL")-(COUNTIF(E18:AI18, "HDSL") * 0.5) -> 5 | F18: VL | G18: VL | X18: VL | Y18: VL | Z18: VL | AJ18: =COUNTIF(E18:AI18,"SL") -> 0
A19: GALGO, CEDRICK CRUZ | B19: =DEC!B19+1.25- (COUNTIF(E19:AI19, "VL") * 1) - (COUNTIF(E19:AI19, "HDL") * 0.5) -> 13.75 | C19: =5- COUNTIF(E19:AI19, "SL")-(COUNTIF(E19:AI19, "HDSL") * 0.5) -> 5 | F19: VL | G19: VL | J19: VL | K19: VL | L19: VL | Q19: VL | R19: VL | AJ19: =COUNTIF(E19:AI19,"SL") -> 0
A20: GATBONTON, ANALIZA TALOBAN | B20: =DEC!B20+1.25- (COUNTIF(E20:AI20, "VL") * 1) - (COUNTIF(E20:AI20, "HDL") * 0.5) -> 9.25 | C20: =5- COUNTIF(E20:AI20, "SL")-(COUNTIF(E20:AI20, "HDSL") * 0.5) -> 3 | F20: VL | J20: SL | AB20: SL | AI20: VL | AJ20: =COUNTIF(E20:AI20,"SL") -> 2
A21: GATBONTON, BEVERLY TALOBAN | B21: =DEC!B21+1.25- (COUNTIF(E21:AI21, "VL") * 1) - (COUNTIF(E21:AI21, "HDL") * 0.5) -> 1.5 | C21: =5- COUNTIF(E21:AI21, "SL")-(COUNTIF(E21:AI21, "HDSL") * 0.5) -> 4 | AA21: SL | AJ21: =COUNTIF(E21:AI21,"SL") -> 1
A22: GUECO, JOHANA ROSE PEREZ | B22: =DEC!B22+1.25- (COUNTIF(E22:AI22, "VL") * 1) - (COUNTIF(E22:AI22, "HDL") * 0.5) -> 4.25 | C22: =5- COUNTIF(E22:AI22, "SL")-(COUNTIF(E22:AI22, "HDSL") * 0.5) -> 5 | D22: =7- COUNTIF(E22:AI22, "SPL") -> 6 | F22: VL | G22: VL | L22: SPL | AJ22: =COUNTIF(E22:AI22,"SL") -> 0
A23: JOSAFAT, RENALYN | B23: =DEC!B23+1.25- (COUNTIF(E23:AI23, "VL") * 1) - (COUNTIF(E23:AI23, "HDL") * 0.5) -> 6.25 | C23: =5- COUNTIF(E23:AI23, "SL")-(COUNTIF(E23:AI23, "HDSL") * 0.5) -> 4 | F23: VL | G23: VL | AA23: SL | AJ23: =COUNTIF(E23:AI23,"SL") -> 1
A24: LOZANO, ALDWIN JOHN | B24: =DEC!B24+1.25- (COUNTIF(E24:AI24, "VL") * 1) - (COUNTIF(E24:AI24, "HDL") * 0.5) -> 4.75 | C24: =5- COUNTIF(E24:AI24, "SL")-(COUNTIF(E24:AI24, "HDSL") * 0.5) -> 3 | G24: VL | L24: HDL | Q24: VL | X24: SL | AF24: SL | AJ24: =COUNTIF(E24:AI24,"SL") -> 2
A25: MALINAO, ROGELIO DELA PENA | B25: =DEC!B25+1.25- (COUNTIF(E25:AI25, "VL") * 1) - (COUNTIF(E25:AI25, "HDL") * 0.5) -> 5.5 | C25: =5- COUNTIF(E25:AI25, "SL")-(COUNTIF(E25:AI25, "HDSL") * 0.5) -> 4 | G25: VL | N25: VL | AA25: SL | AJ25: =COUNTIF(E25:AI25,"SL") -> 1
A26: MATAGA, EDITH DAVID | B26: =DEC!B26+1.25- (COUNTIF(E26:AI26, "VL") * 1) - (COUNTIF(E26:AI26, "HDL") * 0.5) -> 1.25 | C26: =5- COUNTIF(E26:AI26, "SL")-(COUNTIF(E26:AI26, "HDSL") * 0.5) -> 2 | L26: SL | M26: HDSL | AB26: SL | AG26: HDSL | AJ26: =COUNTIF(E26:AI26,"SL") -> 2
A27: MENDOZA , SEAN JUSTINE F | B27: =DEC!B27+1.25- (COUNTIF(E27:AI27, "VL") * 1) - (COUNTIF(E27:AI27, "HDL") * 0.5) -> 7.5 | C27: =5- COUNTIF(E27:AI27, "SL")-(COUNTIF(E27:AI27, "HDSL") * 0.5) -> 5 | F27: VL | G27: VL | AJ27: =COUNTIF(E27:AI27,"SL") -> 0
A28: NAVALON, EVANEL CAACBAY | B28: =DEC!B28+1.25- (COUNTIF(E28:AI28, "VL") * 1) - (COUNTIF(E28:AI28, "HDL") * 0.5) -> 11.25 | C28: =5- COUNTIF(E28:AI28, "SL")-(COUNTIF(E28:AI28, "HDSL") * 0.5) -> 5 | F28: VL | I28: VL | J28: VL | K28: VL | AJ28: =COUNTIF(E28:AI28,"SL") -> 0
A29: OCAMPO, ALFRED NAGUIT | B29: =DEC!B29+1.25- (COUNTIF(E29:AI29, "VL") * 1) - (COUNTIF(E29:AI29, "HDL") * 0.5) -> 7.75 | C29: =5- COUNTIF(E29:AI29, "SL")-(COUNTIF(E29:AI29, "HDSL") * 0.5) -> 4 | F29: VL | G29: VL | J29: SL | AJ29: =COUNTIF(E29:AI29,"SL") -> 1
A30: OTSUKA, SHIGERU CENTINA | B30: =DEC!B30+1.25- (COUNTIF(E30:AI30, "VL") * 1) - (COUNTIF(E30:AI30, "HDL") * 0.5) -> 4.75 | C30: =5- COUNTIF(E30:AI30, "SL")-(COUNTIF(E30:AI30, "HDSL") * 0.5) -> 4 | F30: VL | L30: SL | N30: VL | Q30: VL | R30: VL | S30: VL | T30: VL | U30: VL | AI30: VL | AJ30: =COUNTIF(E30:AI30,"SL") -> 1
A31: PABILLANO, FRANKLIN ROOS C | B31: =DEC!B31+1.25- (COUNTIF(E31:AI31, "VL") * 1) - (COUNTIF(E31:AI31, "HDL") * 0.5) -> 17.75 | C31: =5- COUNTIF(E31:AI31, "SL")-(COUNTIF(E31:AI31, "HDSL") * 0.5) -> 5 | AJ31: =COUNTIF(E31:AI31,"SL") -> 0
A32: PANGAN, CRISTINA MIRANDA | B32: =DEC!B32+1.25- (COUNTIF(E32:AI32, "VL") * 1) - (COUNTIF(E32:AI32, "HDL") * 0.5) -> 6.75 | C32: =5- COUNTIF(E32:AI32, "SL")-(COUNTIF(E32:AI32, "HDSL") * 0.5) -> 4.5 | F32: HDSL | L32: VL | AJ32: =COUNTIF(E32:AI32,"SL") -> 0
A33: PATRIMONIO, RYAN REX | B33: =DEC!B33+1.25- (COUNTIF(E33:AI33, "VL") * 1) - (COUNTIF(E33:AI33, "HDL") * 0.5) -> 3.25 | C33: =5- COUNTIF(E33:AI33, "SL")-(COUNTIF(E33:AI33, "HDSL") * 0.5) -> 2.5 | K33: SL | L33: VL | X33: HDSL | Y33: SL | AJ33: =COUNTIF(E33:AI33,"SL") -> 2
A34: PINEDA, ERIKA SERIOSA | B34: =DEC!B34+1.25- (COUNTIF(E34:AI34, "VL") * 1) - (COUNTIF(E34:AI34, "HDL") * 0.5) -> 4.75 | C34: =5- COUNTIF(E34:AI34, "SL")-(COUNTIF(E34:AI34, "HDSL") * 0.5) -> 5 | F34: VL | G34: VL | AJ34: =COUNTIF(E34:AI34,"SL") -> 0
A35: PLATERO, MA. CHARISMA | B35: =DEC!B35+1.25- (COUNTIF(E35:AI35, "VL") * 1) - (COUNTIF(E35:AI35, "HDL") * 0.5) -> 9.5 | C35: =0.416666666666666*6+5-COUNTIF(E35:AI35, "SL")-(COUNTIF(E35:AI35, "HDSL") * 0.5) -> 7.5 | AJ35: =COUNTIF(E35:AI35,"SL") -> 0
A36: RONQUILLO, RHEGENE INGAT | B36: =DEC!B36+1.25- (COUNTIF(E36:AI36, "VL") * 1) - (COUNTIF(E36:AI36, "HDL") * 0.5) -> 2.25 | C36: =5- COUNTIF(E36:AI36, "SL")-(COUNTIF(E36:AI36, "HDSL") * 0.5) -> 3 | F36: VL | G36: VL | S36: VL | T36: VL | Y36: SL | AA36: SL | AB36: VL | AJ36: =COUNTIF(E36:AI36,"SL") -> 2
A37: SAMODIO, JHUNEL CARLO TRAIFALGAR | B37: =DEC!B37+1.25- (COUNTIF(E37:AI37, "VL") * 1) - (COUNTIF(E37:AI37, "HDL") * 0.5) -> 19 | C37: =5- COUNTIF(E37:AI37, "SL")-(COUNTIF(E37:AI37, "HDSL") * 0.5) -> 4 | F37: VL | G37: VL | L37: SL | AI37: VL | AJ37: =COUNTIF(E37:AI37,"SL") -> 1
A38: SORIANO, MARY ANN VALLEJOS | B38: =DEC!B38+1.25- (COUNTIF(E38:AI38, "VL") * 1) - (COUNTIF(E38:AI38, "HDL") * 0.5) -> 1.5 | C38: =5- COUNTIF(E38:AI38, "SL")-(COUNTIF(E38:AI38, "HDSL") * 0.5) -> 4 | AA38: SL | AJ38: =COUNTIF(E38:AI38,"SL") -> 1
A39: TICSAY, CLAIROL | B39: =DEC!B39+1.25- (COUNTIF(E39:AI39, "VL") * 1) - (COUNTIF(E39:AI39, "HDL") * 0.5) -> 3.75 | C39: =5- COUNTIF(E39:AI39, "SL")-(COUNTIF(E39:AI39, "HDSL") * 0.5) -> 5 | F39: VL | G39: VL | AJ39: =COUNTIF(E39:AI39,"SL") -> 0
A40: TRINIDAD, JENNIFER M | B40: =DEC!B40+1.25- (COUNTIF(E40:AI40, "VL") * 1) - (COUNTIF(E40:AI40, "HDL") * 0.5) -> 5.5 | C40: =5- COUNTIF(E40:AI40, "SL")-(COUNTIF(E40:AI40, "HDSL") * 0.5) -> 4 | F40: VL | G40: VL | J40: VL | K40: VL | AB40: SL | AI40: VL | AJ40: =COUNTIF(E40:AI40,"SL") -> 1
AJ41: =COUNTIF(E41:AI41,"SL") -> 0
AJ42: =COUNTIF(E42:AI42,"SL") -> 0
AJ43: =COUNTIF(E43:AI43,"SL") -> 0
AJ44: =COUNTIF(E44:AI44,"SL") -> 0
AJ45: =COUNTIF(E45:AI45,"SL") -> 0
AJ46: =COUNTIF(E46:AI46,"SL") -> 0
AJ47: =COUNTIF(E47:AI47,"SL") -> 0
AJ48: =COUNTIF(E48:AI48,"SL") -> 0
AJ49: =COUNTIF(E49:AI49,"SL") -> 0
AJ50: =COUNTIF(E50:AI50,"SL") -> 0
AJ51: =COUNTIF(E51:AI51,"SL") -> 0
AJ52: =COUNTIF(E52:AI52,"SL") -> 0
... AJ63: =COUNTIF(E63:AI63,"SL") -> 0

Sheet Feb2025
A1: NAME | B1: VL | C1: SL | D1: SPL | E1: 45323 | F1: 45324 | G1: 45325 | H1: 45326 | I1: 45327 | J1: 45328 | K1: 45329 | L1: 45330 | M1: 45331 | N1: 45332 | O1: 45333 | P1: 45334 | Q1: 45335 | R1: 45336 | S1: 45337 | T1: 45338 | U1: 45339 | V1: 45340 | W1: 45341 | X1: 45342 | Y1: 45343 | Z1: 45344 | AA1: 45345 | AB1: 45346 | AC1: 45347 | AD1: 45348 | AE1: 45349 | AF1: 45350 | AJ1: TOtal SL
A2: AGAS, JILLIAN LAO | B2: ='Jan2025'!B2+1.25- (COUNTIF(E2:AI2, "VL") * 1) - (COUNTIF(E2:AI2, "HDL") * 0.5) -> 7.5 | C2: ='Jan2025'!C2-COUNTIF(E2:AI2, "SL")-(COUNTIF(E2:AI2, "HDSL") * 0.5) -> 4 | D2: ='Jan2025'!D2-COUNTIF(E2:AI2, "SPL") -> 0 | H2: VL | I2: VL | AJ2: =COUNTIF(E2:AI2,"SL") -> 0
A3: AGUILAR, IAN MYCO | B3: ='Jan2025'!B3+1.25- (COUNTIF(E3:AI3, "VL") * 1) - (COUNTIF(E3:AI3, "HDL") * 0.5) -> 13.5 | C3: ='Jan2025'!C3-COUNTIF(E3:AI3, "SL")-(COUNTIF(E3:AI3, "HDSL") * 0.5) -> 5 | D3: ='Jan2025'!D3-COUNTIF(E3:AI3, "SPL") -> 0 | AJ3: =COUNTIF(E3:AI3,"SL") -> 0
A4: ALIMURONG, JOEL LUSUNG | B4: ='Jan2025'!B4+1.25- (COUNTIF(E4:AI4, "VL") * 1) - (COUNTIF(E4:AI4, "HDL") * 0.5) -> 14.25 | C4: ='Jan2025'!C4-COUNTIF(E4:AI4, "SL")-(COUNTIF(E4:AI4, "HDSL") * 0.5) -> 4 | D4: ='Jan2025'!D4-COUNTIF(E4:AI4, "SPL") -> 0 | AJ4: =COUNTIF(E4:AI4,"SL") -> 0
A5: ANTONIO, VINCENT KEVIN SANTOS | B5: ='Jan2025'!B5+1.25- (COUNTIF(E5:AI5, "VL") * 1) - (COUNTIF(E5:AI5, "HDL") * 0.5) -> 7.5 | C5: ='Jan2025'!C5-COUNTIF(E5:AI5, "SL")-(COUNTIF(E5:AI5, "HDSL") * 0.5) -> 4.5 | D5: ='Jan2025'!D5-COUNTIF(E5:AI5, "SPL") -> 0 | R5: VL | U5: HDL | AJ5: =COUNTIF(E5:AI5,"SL") -> 0
A6: AUSTRIA, LOUIS FERNAND BALUYOT | B6: ='Jan2025'!B6+1.25- (COUNTIF(E6:AI6, "VL") * 1) - (COUNTIF(E6:AI6, "HDL") * 0.5) -> 1.5 | C6: ='Jan2025'!C6-COUNTIF(E6:AI6, "SL")-(COUNTIF(E6:AI6, "HDSL") * 0.5) -> 5 | D6: ='Jan2025'!D6-COUNTIF(E6:AI6, "SPL") -> 0 | AF6: VL | AJ6: =COUNTIF(E6:AI6,"SL") -> 0
A7: BACONGALLO, NIKA NUEVA | B7: ='Jan2025'!B7+1.25- (COUNTIF(E7:AI7, "VL") * 1) - (COUNTIF(E7:AI7, "HDL") * 0.5) -> 3.25 | C7: ='Jan2025'!C7-COUNTIF(E7:AI7, "SL")-(COUNTIF(E7:AI7, "HDSL") * 0.5) -> 4 | D7: ='Jan2025'!D7-COUNTIF(E7:AI7, "SPL") -> 0 | U7: SL | AJ7: =COUNTIF(E7:AI7,"SL") -> 1
A8: BANSIL, KRISTIAN DAVID | B8: ='Jan2025'!B8+1.25- (COUNTIF(E8:AI8, "VL") * 1) - (COUNTIF(E8:AI8, "HDL") * 0.5) -> 7.5 | C8: ='Jan2025'!C8-COUNTIF(E8:AI8, "SL")-(COUNTIF(E8:AI8, "HDSL") * 0.5) -> 5 | D8: ='Jan2025'!D8-COUNTIF(E8:AI8, "SPL") -> 0 | N8: HDL | AJ8: =COUNTIF(E8:AI8,"SL") -> 0
A9: BENALLA, RENNECA Villapaña | B9: ='Jan2025'!B9+1.25- (COUNTIF(E9:AI9, "VL") * 1) - (COUNTIF(E9:AI9, "HDL") * 0.5) -> 6.75 | C9: ='Jan2025'!C9-COUNTIF(E9:AI9, "SL")-(COUNTIF(E9:AI9, "HDSL") * 0.5) -> 5 | D9: ='Jan2025'!D9-COUNTIF(E9:AI9, "SPL") -> 0 | O9: VL | P9: VL | Q9: VL | R9: VL | U9: VL | V9: VL | AJ9: =COUNTIF(E9:AI9,"SL") -> 0
A10: CAMERINO, YRIS GAELLE PARREÑAS | B10: ='Jan2025'!B10+1.25- (COUNTIF(E10:AI10, "VL") * 1) - (COUNTIF(E10:AI10, "HDL") * 0.5) -> 4.5 | C10: ='Jan2025'!C10-COUNTIF(E10:AI10, "SL")-(COUNTIF(E10:AI10, "HDSL") * 0.5) -> 5 | D10: ='Jan2025'!D10-COUNTIF(E10:AI10, "SPL") -> 0 | AJ10: =COUNTIF(E10:AI10,"SL") -> 0
A11: CASTRO, AIZEL SANTOS | B11: ='Jan2025'!B11+1.25- (COUNTIF(E11:AI11, "VL") * 1) - (COUNTIF(E11:AI11, "HDL") * 0.5) -> 11.75 | C11: ='Jan2025'!C11-COUNTIF(E11:AI11, "SL")-(COUNTIF(E11:AI11, "HDSL") * 0.5) -> 2.5 | D11: ='Jan2025'!D11-COUNTIF(E11:AI11, "SPL") -> 5 | G11: SL | Q11: SPL | W11: HDSL | AD11: SPL | AJ11: =COUNTIF(E11:AI11,"SL") -> 1
A12: CASTILLANO, DENVER ORLANDA | B12: ='Jan2025'!B12+1.25- (COUNTIF(E12:AI12, "VL") * 1) - (COUNTIF(E12:AI12, "HDL") * 0.5) -> 4 | C12: ='Jan2025'!C12-COUNTIF(E12:AI12, "SL")-(COUNTIF(E12:AI12, "HDSL") * 0.5) -> 5 | D12: ='Jan2025'!D12-COUNTIF(E12:AI12, "SPL") -> 0 | AB12: VL | AJ12: =COUNTIF(E12:AI12,"SL") -> 0
A13: CATOLOGO, MARNIE | B13: ='Jan2025'!B13+1.25- (COUNTIF(E13:AI13, "VL") * 1) - (COUNTIF(E13:AI13, "HDL") * 0.5) -> 6 | C13: ='Jan2025'!C13-COUNTIF(E13:AI13, "SL")-(COUNTIF(E13:AI13, "HDSL") * 0.5) -> 3 | D13: ='Jan2025'!D13-COUNTIF(E13:AI13, "SPL") -> 0 | I13: VL | J13: VL | AJ13: =COUNTIF(E13:AI13,"SL") -> 0
A14: CELESTE, LOVELAINE GUDOY | B14: =1.25*6- (COUNTIF(E14:AI14, "VL") * 1) - (COUNTIF(E14:AI14, "HDL") * 0.5) -> 7.5 | C14: =0.416*6-COUNTIF(E14:AI14, "SL")-(COUNTIF(E14:AI14, "HDSL") * 0.5) -> 2.496 | AJ14: =COUNTIF(E14:AI14,"SL") -> 0
A15: COLIS, REYMARK BRYAN SILVANO | B15: ='Jan2025'!B14+1.25- (COUNTIF(E15:AI15, "VL") * 1) - (COUNTIF(E15:AI15, "HDL") * 0.5) -> 8.125 | C15: ='Jan2025'!C14-COUNTIF(E15:AI15, "SL")-(COUNTIF(E15:AI15, "HDSL") * 0.5) -> 3 | D15: ='Jan2025'!D14-COUNTIF(E15:AI15, "SPL") -> 0 | V15: VL | X15: VL | AJ15: =COUNTIF(E15:AI15,"SL") -> 0
A16: CRISANTO, ELRITZ T | B16: ='Jan2025'!B15+1.25- (COUNTIF(E16:AI16, "VL") * 1) - (COUNTIF(E16:AI16, "HDL") * 0.5) -> 6.5 | C16: ='Jan2025'!C15-COUNTIF(E16:AI16, "SL")-(COUNTIF(E16:AI16, "HDSL") * 0.5) -> 3 | D16: ='Jan2025'!D15-COUNTIF(E16:AI16, "SPL") -> 0 | W16: VL | X16: VL | AJ16: =COUNTIF(E16:AI16,"SL") -> 0
A17: DELA CRUZ, SHAINA DIMAYUGO | B17: ='Jan2025'!B16+1.25- (COUNTIF(E17:AI17, "VL") * 1) - (COUNTIF(E17:AI17, "HDL") * 0.5) -> 2.25 | C17: ='Jan2025'!C16-COUNTIF(E17:AI17, "SL")-(COUNTIF(E17:AI17, "HDSL") * 0.5) -> 3 | D17: ='Jan2025'!D16-COUNTIF(E17:AI17, "SPL") -> 0 | R17: VL | X17: SL | AJ17: =COUNTIF(E17:AI17,"SL") -> 1
A18: EMBUSCADO, EVER A | B18: ='Jan2025'!B17+1.25- (COUNTIF(E18:AI18, "VL") * 1) - (COUNTIF(E18:AI18, "HDL") * 0.5) -> 9.75 | C18: ='Jan2025'!C17-COUNTIF(E18:AI18, "SL")-(COUNTIF(E18:AI18, "HDSL") * 0.5) -> 5 | D18: ='Jan2025'!D17-COUNTIF(E18:AI18, "SPL") -> 0 | AJ18: =COUNTIF(E18:AI18,"SL") -> 0
A19: FERNANDEZ, FRANCIS EMMANUEL VELOSO | B19: ='Jan2025'!B18+1.25- (COUNTIF(E19:AI19, "VL") * 1) - (COUNTIF(E19:AI19, "HDL") * 0.5) -> 10.75 | C19: ='Jan2025'!C18-COUNTIF(E19:AI19, "SL")-(COUNTIF(E19:AI19, "HDSL") * 0.5) -> 3 | D19: ='Jan2025'!D18-COUNTIF(E19:AI19, "SPL") -> 0 | I19: VL | J19: VL | W19: SL | X19: SL | AJ19: =COUNTIF(E19:AI19,"SL") -> 2
A20: GALGO, CEDRICK CRUZ | B20: ='Jan2025'!B19+1.25- (COUNTIF(E20:AI20, "VL") * 1) - (COUNTIF(E20:AI20, "HDL") * 0.5) -> 14 | C20: ='Jan2025'!C19-COUNTIF(E20:AI20, "SL")-(COUNTIF(E20:AI20, "HDSL") * 0.5) -> 5 | D20: ='Jan2025'!D19-COUNTIF(E20:AI20, "SPL") -> 0 | AB20: VL | AJ20: =COUNTIF(E20:AI20,"SL") -> 0
A21: GATBONTON, ANALIZA TALOBAN | B21: ='Jan2025'!B20+1.25- (COUNTIF(E21:AI21, "VL") * 1) - (COUNTIF(E21:AI21, "HDL") * 0.5) -> 10.5 | C21: ='Jan2025'!C20-COUNTIF(E21:AI21, "SL")-(COUNTIF(E21:AI21, "HDSL") * 0.5) -> 2 | D21: ='Jan2025'!D20-COUNTIF(E21:AI21, "SPL") -> 0 | AF21: SL | AJ21: =COUNTIF(E21:AI21,"SL") -> 1
A22: GATBONTON, BEVERLY TALOBAN | B22: ='Jan2025'!B21+1.25- (COUNTIF(E22:AI22, "VL") * 1) - (COUNTIF(E22:AI22, "HDL") * 0.5) -> 1.75 | C22: ='Jan2025'!C21-COUNTIF(E22:AI22, "SL")-(COUNTIF(E22:AI22, "HDSL") * 0.5) -> 4 | D22: ='Jan2025'!D21-COUNTIF(E22:AI22, "SPL") -> 0 | AB22: VL | AJ22: =COUNTIF(E22:AI22,"SL") -> 0
A23: GUECO, JOHANA ROSE PEREZ | B23: ='Jan2025'!B22+1.25- (COUNTIF(E23:AI23, "VL") * 1) - (COUNTIF(E23:AI23, "HDL") * 0.5) -> 4.5 | C23: ='Jan2025'!C22-COUNTIF(E23:AI23, "SL")-(COUNTIF(E23:AI23, "HDSL") * 0.5) -> 4 | D23: ='Jan2025'!D22-COUNTIF(E23:AI23, "SPL") -> 6 | N23: SL | R23: VL | AJ23: =COUNTIF(E23:AI23,"SL") -> 1
A24: JOSAFAT, RENALYN | B24: ='Jan2025'!B23+1.25- (COUNTIF(E24:AI24, "VL") * 1) - (COUNTIF(E24:AI24, "HDL") * 0.5) -> 7.5 | C24: ='Jan2025'!C23-COUNTIF(E24:AI24, "SL")-(COUNTIF(E24:AI24, "HDSL") * 0.5) -> 3 | D24: ='Jan2025'!D23-COUNTIF(E24:AI24, "SPL") -> 0 | U24: SL | AJ24: =COUNTIF(E24:AI24,"SL") -> 1
A25: LOZANO, ALDWIN JOHN | B25: ='Jan2025'!B24+1.25- (COUNTIF(E25:AI25, "VL") * 1) - (COUNTIF(E25:AI25, "HDL") * 0.5) -> 4 | C25: ='Jan2025'!C24-COUNTIF(E25:AI25, "SL")-(COUNTIF(E25:AI25, "HDSL") * 0.5) -> 3 | D25: ='Jan2025'!D24-COUNTIF(E25:AI25, "SPL") -> 0 | G25: VL | Y25: VL | AJ25: =COUNTIF(E25:AI25,"SL") -> 0
A26: MALINAO, ROGELIO DELA PENA | B26: ='Jan2025'!B25+1.25- (COUNTIF(E26:AI26, "VL") * 1) - (COUNTIF(E26:AI26, "HDL") * 0.5) -> 5.75 | C26: ='Jan2025'!C25-COUNTIF(E26:AI26, "SL")-(COUNTIF(E26:AI26, "HDSL") * 0.5) -> 3 | D26: ='Jan2025'!D25-COUNTIF(E26:AI26, "SPL") -> 0 | W26: VL | X26: VL | AB26: SL | AJ26: =COUNTIF(E26:AI26,"SL") -> 1
A27: MATAGA, EDITH DAVID | B27: ='Jan2025'!B26+1.25- (COUNTIF(E27:AI27, "VL") * 1) - (COUNTIF(E27:AI27, "HDL") * 0.5) -> 2 | C27: ='Jan2025'!C26-COUNTIF(E27:AI27, "SL")-(COUNTIF(E27:AI27, "HDSL") * 0.5) -> 1 | D27: ='Jan2025'!D26-COUNTIF(E27:AI27, "SPL") -> 0 | G27: HDL | W27: SL | AJ27: =COUNTIF(E27:AI27,"SL") -> 1
A28: MENDOZA , SEAN JUSTINE F | B28: ='Jan2025'!B27+1.25- (COUNTIF(E28:AI28, "VL") * 1) - (COUNTIF(E28:AI28, "HDL") * 0.5) -> 8.75 | C28: ='Jan2025'!C27-COUNTIF(E28:AI28, "SL")-(COUNTIF(E28:AI28, "HDSL") * 0.5) -> 5 | D28: ='Jan2025'!D27-COUNTIF(E28:AI28, "SPL") -> 0 | AJ28: =COUNTIF(E28:AI28,"SL") -> 0
A29: NAVALON, EVANEL CAACBAY | B29: ='Jan2025'!B28+1.25- (COUNTIF(E29:AI29, "VL") * 1) - (COUNTIF(E29:AI29, "HDL") * 0.5) -> 8.5 | C29: ='Jan2025'!C28-COUNTIF(E29:AI29, "SL")-(COUNTIF(E29:AI29, "HDSL") * 0.5) -> 5 | D29: ='Jan2025'!D28-COUNTIF(E29:AI29, "SPL") -> 0 | T29: VL | U29: VL | V29: VL | W29: VL | X29: VL | AJ29: =COUNTIF(E29:AI29,"SL") -> 0
A30: NUÑEZ, IVY | B30: =1.25*6- (COUNTIF(E30:AI30, "VL") * 1) - (COUNTIF(E30:AI30, "HDL") * 0.5) -> 7 | C30: =0.416*6-COUNTIF(E30:AI30, "SL")-(COUNTIF(E30:AI30, "HDSL") * 0.5) -> 2.496 | R30: HDL | AJ30: =COUNTIF(E30:AI30,"SL") -> 0
A31: OCAMPO, ALFRED NAGUIT | B31: ='Jan2025'!B29+1.25- (COUNTIF(E31:AI31, "VL") * 1) - (COUNTIF(E31:AI31, "HDL") * 0.5) -> 8 | C31: ='Jan2025'!C29-COUNTIF(E31:AI31, "SL")-(COUNTIF(E31:AI31, "HDSL") * 0.5) -> 4 | D31: ='Jan2025'!D29-COUNTIF(E31:AI31, "SPL") -> 0 | W31: VL | AJ31: =COUNTIF(E31:AI31,"SL") -> 0
A32: OTSUKA, SHIGERU CENTINA | B32: ='Jan2025'!B30+1.25- (COUNTIF(E32:AI32, "VL") * 1) - (COUNTIF(E32:AI32, "HDL") * 0.5) -> 3 | C32: ='Jan2025'!C30-COUNTIF(E32:AI32, "SL")-(COUNTIF(E32:AI32, "HDSL") * 0.5) -> 4 | D32: ='Jan2025'!D30-COUNTIF(E32:AI32, "SPL") -> 0 | G32: VL | H32: VL | I32: VL | AJ32: =COUNTIF(E32:AI32,"SL") -> 0
A33: PABILLANO, FRANKLIN ROOS C | B33: ='Jan2025'!B31+1.25- (COUNTIF(E33:AI33, "VL") * 1) - (COUNTIF(E33:AI33, "HDL") * 0.5) -> 18.5 | C33: ='Jan2025'!C31-COUNTIF(E33:AI33, "SL")-(COUNTIF(E33:AI33, "HDSL") * 0.5) -> 5 | D33: ='Jan2025'!D31-COUNTIF(E33:AI33, "SPL") -> 0 | AF33: HDL | AJ33: =COUNTIF(E33:AI33,"SL") -> 0
A34: PANGAN, CRISTINA MIRANDA | B34: ='Jan2025'!B32+1.25- (COUNTIF(E34:AI34, "VL") * 1) - (COUNTIF(E34:AI34, "HDL") * 0.5) -> 8 | C34: ='Jan2025'!C32-COUNTIF(E34:AI34, "SL")-(COUNTIF(E34:AI34, "HDSL") * 0.5) -> 4.5 | D34: ='Jan2025'!D32-COUNTIF(E34:AI34, "SPL") -> 0 | AJ34: =COUNTIF(E34:AI34,"SL") -> 0
A35: PATRIMONIO, RYAN REX | B35: ='Jan2025'!B33+1.25- (COUNTIF(E35:AI35, "VL") * 1) - (COUNTIF(E35:AI35, "HDL") * 0.5) -> 3.5 | C35: ='Jan2025'!C33-COUNTIF(E35:AI35, "SL")-(COUNTIF(E35:AI35, "HDSL") * 0.5) -> 0.5 | D35: ='Jan2025'!D33-COUNTIF(E35:AI35, "SPL") -> 0 | O35: SL | P35: SL | AD35: VL | AJ35: =COUNTIF(E35:AI35,"SL") -> 2
A36: PINEDA, ERIKA SERIOSA | B36: ='Jan2025'!B34+1.25- (COUNTIF(E36:AI36, "VL") * 1) - (COUNTIF(E36:AI36, "HDL") * 0.5) -> 6 | C36: ='Jan2025'!C34-COUNTIF(E36:AI36, "SL")-(COUNTIF(E36:AI36, "HDSL") * 0.5) -> 4 | D36: ='Jan2025'!D34-COUNTIF(E36:AI36, "SPL") -> 0 | N36: SL | AJ36: =COUNTIF(E36:AI36,"SL") -> 1
A37: PLATERO, MA. CHARISMA | B37: ='Jan2025'!B35+1.25- (COUNTIF(E37:AI37, "VL") * 1) - (COUNTIF(E37:AI37, "HDL") * 0.5) -> 10.75 | C37: ='Jan2025'!C35-COUNTIF(E37:AI37, "SL")-(COUNTIF(E37:AI37, "HDSL") * 0.5) -> 7.5 | D37: ='Jan2025'!D35-COUNTIF(E37:AI37, "SPL") -> 0 | AJ37: =COUNTIF(E37:AI37,"SL") -> 0
A38: RONQUILLO, RHEGENE INGAT | B38: ='Jan2025'!B36+1.25- (COUNTIF(E38:AI38, "VL") * 1) - (COUNTIF(E38:AI38, "HDL") * 0.5) -> 2.5 | C38: ='Jan2025'!C36-COUNTIF(E38:AI38, "SL")-(COUNTIF(E38:AI38, "HDSL") * 0.5) -> 3 | D38: ='Jan2025'!D36-COUNTIF(E38:AI38, "SPL") -> 0 | K38: VL | AJ38: =COUNTIF(E38:AI38,"SL") -> 0
A39: SAMODIO, JHUNEL CARLO TRAIFALGAR | B39: ='Jan2025'!B37+1.25- (COUNTIF(E39:AI39, "VL") * 1) - (COUNTIF(E39:AI39, "HDL") * 0.5) -> 20.25 | C39: ='Jan2025'!C37-COUNTIF(E39:AI39, "SL")-(COUNTIF(E39:AI39, "HDSL") * 0.5) -> 3 | D39: ='Jan2025'!D37-COUNTIF(E39:AI39, "SPL") -> 0 | N39: SL | AJ39: =COUNTIF(E39:AI39,"SL") -> 1
A40: SORIANO, MARY ANN VALLEJOS | B40: ='Jan2025'!B38+1.25- (COUNTIF(E40:AI40, "VL") * 1) - (COUNTIF(E40:AI40, "HDL") * 0.5) -> 1.25 | C40: ='Jan2025'!C38-COUNTIF(E40:AI40, "SL")-(COUNTIF(E40:AI40, "HDSL") * 0.5) -> 4 | D40: ='Jan2025'!D38-COUNTIF(E40:AI40, "SPL") -> 0 | T40: VL | U40: HDL | AJ40: =COUNTIF(E40:AI40,"SL") -> 0
A41: TOLOMIA, RICA JOY VIRAY | B41: =1.25*6- (COUNTIF(E41:AI41, "VL") * 1) - (COUNTIF(E41:AI41, "HDL") * 0.5) -> 7.5 | C41: =0.416*6-COUNTIF(E41:AI41, "SL")-(COUNTIF(E41:AI41, "HDSL") * 0.5) -> 2.496 | AJ41: =COUNTIF(E41:AI41,"SL") -> 0
A42: TRINIDAD, JENNIFER M | B42: ='Jan2025'!B40+1.25- (COUNTIF(E42:AI42, "VL") * 1) - (COUNTIF(E42:AI42, "HDL") * 0.5) -> 5.75 | C42: ='Jan2025'!C40-COUNTIF(E42:AI42, "SL")-(COUNTIF(E42:AI42, "HDSL") * 0.5) -> 4 | D42: ='Jan2025'!D40-COUNTIF(E42:AI42, "SPL") -> 0 | G42: VL | AJ42: =COUNTIF(E42:AI42,"SL") -> 0
AJ43: =COUNTIF(E43:AI43,"SL") -> 0
AJ44: =COUNTIF(E44:AI44,"SL") -> 0
AJ45: =COUNTIF(E45:AI45,"SL") -> 0
AJ46: =COUNTIF(E46:AI46,"SL") -> 0
AJ47: =COUNTIF(E47:AI47,"SL") -> 0
AJ48: =COUNTIF(E48:AI48,"SL") -> 0
AJ49: =COUNTIF(E49:AI49,"SL") -> 0
AJ50: =COUNTIF(E50:AI50,"SL") -> 0
AJ51: =COUNTIF(E51:AI51,"SL") -> 0
AJ52: =COUNTIF(E52:AI52,"SL") -> 0
AJ53: =COUNTIF(E53:AI53,"SL") -> 0
AJ54: =COUNTIF(E54:AI54,"SL") -> 0
... AJ63: =COUNTIF(E63:AI63,"SL") -> 0

Sheet NOV-Draft
A1: NAME | B1: VL | C1: SL | D1: SPL | E1: 45597 | F1: 45598 | G1: 45599 | H1: 45600 | I1: 45601 | J1: 45602 | K1: 45603 | L1: 45604 | M1: 45605 | N1: 45606 | O1: 45607 | P1: 45608 | Q1: 45609 | R1: 45610 | S1: 45611 | T1: 45612 | U1: 45613 | V1: 45614 | W1: 45615 | X1: 45616 | Y1: 45617 | Z1: 45618 | AA1: 45619 | AB1: 45620 | AC1: 45621 | AD1: 45622 | AE1: 45623 | AF1: 45624 | AG1: 45625 | AH1: 45626
A2: AGAS, JILLIAN LAO | B2: =OCT!B2 + 1.25 - COUNTIF(E2:AH2, "VL") -> 9.75 | C2: =OCT!C2+ 0.416666666666666 - COUNTIF(E2:AH2, "SL") -> 0.91666667 | M2: VL | P2: VL
A3: AGUILAR, IAN MYCO | B3: =OCT!B3 + 1.25 - COUNTIF(E3:AH3, "VL") -> 16.75 | C3: =OCT!C3+ 0.416666666666666 - COUNTIF(E3:AH3, "SL") -> 0.91666667 | H3: SL
A4: ALIMURONG, JOEL LUSUNG | B4: =OCT!B4 + 1.25 - COUNTIF(E4:AH4, "VL") -> 20.5 | C4: =OCT!C4+ 0.416666666666666 - COUNTIF(E4:AH4, "SL") -> 7.8433333 | I4: SL
A5: ANTONIO, VINCENT KEVIN SANTOS | B5: =OCT!B5 + 1.25 - COUNTIF(E5:AH5, "VL") -> 10.25 | C5: =OCT!C5+ 0.416666666666666 - COUNTIF(E5:AH5, "SL") -> 5.2633333 | E5: SL
A6: Bansil , Kristian David | B6: =OCT!B7 + 1.25 - COUNTIF(E6:AH6, "VL") -> 11.5 | C6: =OCT!C7+ 0.416666666666666 - COUNTIF(E6:AH6, "SL") -> 2.1666667
A7: BENALLA, RENNECA Villapaña | B7: =OCT!B9 + 1.25 - COUNTIF(E7:AH7, "VL") -> 11.25 | C7: =OCT!C9+ 0.416666666666666 - COUNTIF(E7:AH7, "SL") -> 4.0833333 | V7: VL
A8: CASTRO, AIZEL SANTOS | B8: =OCT!B11 + 1.25 - COUNTIF(E8:AH8, "VL") -> 14 | C8: =OCT!C11+ 0.416666666666666 - COUNTIF(E8:AH8, "SL") -> -0.15666667 | D8: ='2024'!W27-COUNTIF(E8:AI8, "SPL") -> 6.1666667 | J8: SL | L8: VL | O8: VL | P8: VL | Q8: VL | R8: VL | S8: VL
A9: COLIS, REYMARK BRYAN SILVANO | B9: =OCT!B12 + 1.25 - COUNTIF(E9:AH9, "VL") -> 9.375 | C9: =OCT!C12+ 0.416666666666666 - COUNTIF(E9:AH9, "SL") -> 8.8433333
A10: COSTELLOE, NEIL ANTHONY | O10: VL | P10: VL | Q10: VL | R10: VL | S10: VL
A11: CRISANTO, ELRITZ T | B11: =OCT!B13 + 1.25 - COUNTIF(E11:AH11, "VL") -> 15.75 | C11: =OCT!C13+ 0.416666666666666 - COUNTIF(E11:AH11, "SL") -> 1.25
A12: DELA CRUZ, SHAINA DIMAYUGO | B12: =OCT!B14 + 1.25 - COUNTIF(E12:AH12, "VL") -> 2.5 | C12: =OCT!C14+ 0.416666666666666 - COUNTIF(E12:AH12, "SL") -> 0.83333333
A13: EMBUSCADO, EVER A | B13: =OCT!B15 + 1.25 - COUNTIF(E13:AH13, "VL") -> 18 | C13: =OCT!C15+ 0.416666666666666 - COUNTIF(E13:AH13, "SL") -> 5.6666667
A14: FERNANDEZ, FRANCIS EMMANUEL VELOSO | B14: =OCT!B16 + 1.25 - COUNTIF(E14:AH14, "VL") -> 14 | C14: =OCT!C16+ 0.416666666666666 - COUNTIF(E14:AH14, "SL") -> 1.8433333
A15: GALGO, CEDRICK CRUZ | B15: =OCT!B17 + 1.25 - COUNTIF(E15:AH15, "VL") -> 22.25 | C15: =OCT!C17+ 0.416666666666666 - COUNTIF(E15:AH15, "SL") -> 9.2633333
A16: GATBONTON, ANALIZA TALOBAN | B16: =OCT!B18 + 1.25 - COUNTIF(E16:AH16, "VL") -> 13.75 | C16: =OCT!C18+ 0.416666666666666 - COUNTIF(E16:AH16, "SL") -> 2.25 | R16: VL | S16: VL | AG16: VL
A17: GATBONTON, BEVERLY TALOBAN | B17: =OCT!B19 + 1.25 - COUNTIF(E17:AH17, "VL") -> 5 | C17: =OCT!C19+ 0.416666666666666 - COUNTIF(E17:AH17, "SL") -> 0.33333333 | J17: SL | L17: SL
A18: JOSAFAT, RENALYN | B18: =OCT!B20 + 1.25 - COUNTIF(E18:AH18, "VL") -> 15.75 | C18: =OCT!C20+ 0.416666666666666 - COUNTIF(E18:AH18, "SL") -> 1.2633333 | I18: VL | Q18: VL
A19: MALINAO, ROGELIO DELA PENA | B19: =OCT!B21 + 1.25 - COUNTIF(E19:AH19, "VL") -> 8 | C19: =OCT!C21+ 0.416666666666666 - COUNTIF(E19:AH19, "SL") -> 1.3333333
A20: MATAGA, EDITH DAVID | B20: =OCT!B22 + 1.25 - COUNTIF(E20:AH20, "VL") -> 1.25 | C20: =OCT!C22+ 0.416666666666666 - COUNTIF(E20:AH20, "SL") -> 0.083333333 | L20: VL | O20: SL
A21: MENDOZA , SEAN JUSTINE F | B21: =OCT!B23 + 1.25 - COUNTIF(E21:AH21, "VL") -> 11 | C21: =OCT!C23+ 0.416666666666666 - COUNTIF(E21:AH21, "SL") -> 3.6666667 | P21: SL
A22: NAVALON, EVANEL CAACBAY | B22: =OCT!B24 + 1.25 - COUNTIF(E22:AH22, "VL") -> 14.75 | C22: =OCT!C24+ 0.416666666666666 - COUNTIF(E22:AH22, "SL") -> 1.9166667
A23: OCAMPO, ALFRED Naguit | B23: =OCT!B25 + 1.25 - COUNTIF(E23:AH23, "VL") -> 10.25 | C23: =OCT!C25+ 0.416666666666666 - COUNTIF(E23:AH23, "SL") -> 4.0833333
A24: OTSUKA, SHIGERU CENTINA | B24: =OCT!B26 + 1.25 - COUNTIF(E24:AH24, "VL") -> 11.25 | C24: =OCT!C26+ 0.416666666666666 - COUNTIF(E24:AH24, "SL") -> 1.2633333 | V24: VL
A25: PABILLANO, FRANKLIN ROOS C | B25: =OCT!B27 + 1.25 - COUNTIF(E25:AH25, "VL") -> 15.25 | C25: =OCT!C27+ 0.416666666666666 - COUNTIF(E25:AH25, "SL") -> 5.4166667
A26: RONQUILLO, RHEGENE INGAT | B26: =OCT!B30+1.25 - COUNTIF(E26:AI26, "VL") -> 8 | C26: =OCT!C30+0.416666666666666- COUNTIF(E26:AI26, "SL") -> 4.3333333
A27: SARTHOU, IAN MICHAEL LOUIE ALEGA | B27: =OCT!B31 + 1.25 - COUNTIF(E27:AH27, "VL") -> 19.5 | C27: =OCT!C31+ 0.416666666666666 - COUNTIF(E27:AH27, "SL") -> 6.1666667
A28: SORIANO, MARY ANN VALLEJOS | B28: =OCT!B32 + 1.25 - COUNTIF(E28:AH28, "VL") -> 2.5 | C28: =OCT!C32+ 0.416666666666666 - COUNTIF(E28:AH28, "SL") -> 2.8333333 | E28: VL
A29: TRINIDAD, JENNIFER M | B29: =OCT!B33 + 1.25 - COUNTIF(E29:AH29, "VL") -> 18 | C29: =OCT!C33+ 0.416666666666666 - COUNTIF(E29:AH29, "SL") -> 1.6666667 | J29: VL | AG29: VL
A32: Pangan, Cristina Miranda | B32: =1.25*6 -> 7.5 | C32: =0.416666666666666*6 -> 2.5
A33: Pineda, Erika Seriosa | B33: =1.25*6 -> 7.5 | C33: =0.416666666666666*6 -> 2.5 | AC33: VL | AD33: VL | AE33: VL | AF33: VL | AG33: VL
A34: Samodio, Jhunel Carlo Traifalgar | B34: =1.25*6 -> 7.5 | C34: =0.416666666666666*6 -> 2.5
A35: Gueco, Johana Rose Perez | B35: =1.25*6 -> 7.5 | C35: =0.416666666666666*6 -> 2.5 | D35: 7 | P35: SPL | Y35: VL | Z35: VL
A36: Austria, Louis Fernand B | B36: =1.25*6 -> 7.5 | C36: =0.416666666666666*6 -> 2.5
A37: Vitug, Michelle G | B37: =1.25*6 -> 7.5 | C37: =0.416666666666666*6 -> 2.5
A38: Lozano, Aldwin John | B38: =1.25*6 -> 7.5 | C38: =0.416666666666666*6 -> 2.5
A39: Camerino, Yris Gaelle P. | B39: =1.25*6 -> 7.5 | C39: =0.416666666666666*6 -> 2.5
A40: BACONGALLO, NIKA NUEVA | B40: =1.25*6 -> 7.5 | C40: =0.416666666666666*6 -> 2.5

Sheet 2316
A1: OCC INCORPORATED
A2: EMPLOYEE MASTERLIST
A4: SIGNED | B4: LAST NAME | C4: FIRST NAME | D4: MIDDLE NAME
A5: a | B5: MCPHEE | C5: FLORABEL | D5: MAQUIRAYA
A6: a | B6: ALFONSO | C6: RENE | D6: ALIETO
A7: a | B7: PACILAN | C7: MARK JOSEPH | D7: ALCANTARA
A8: a | B8: ALONZO | C8: KARLA MAE | D8: MEDINA
A9: a | B9: IBANEZ | C9: RODJE | D9: HABARADAS
A10: a | B10: BAYACA | C10: ISAGANI | D10: JEME
A11: a | B11: PAMINTUAN | C11: ANDREA | D11: CABILANGAN
A12: a | B12: MUNGCAL | C12: DIANA | D12: CAINGLES
A13: a | B13: MUNGCAL | C13: RYNEL KESSAN | D13: CAWILE
A14: a | B14: REYES | C14: KRISTINE AINELLE | D14: NAVARRO
A15: a | B15: RIVERA | C15: ELYONAH THEA | D15: VENTURA
... A43: a | B43: CUARTERO | C43: VINCENT PETER | D43: LACAP

Sheet Sheet2
A1: GENDER
A2: MALE
A3: FEMALE
A5: CIVIL STATUS
A6: SINGLE
A7: MARRIED
A8: S1 / M1
A9: S2 / M2
A10: S3 / M3
A11: S4 / M4
A13: POSITION
A14: ACCOUNTING SUPERVISOR
... A26: RESIGNED

Sheet Mar2025 
A1: NAME | B1: VL | C1: SL | D1: SPL | E1: 45352 | F1: 45353 | G1: 45354 | H1: 45355 | I1: 45356 | J1: 45357 | K1: 45358 | L1: 45359 | M1: 45360 | N1: 45361 | O1: 45362 | P1: 45363 | Q1: 45364 | R1: 45365 | S1: 45366 | T1: 45367 | U1: 45368 | V1: 45369 | W1: 45370 | X1: 45371 | Y1: 45372 | Z1: 45373 | AA1: 45374 | AB1: 45375 | AC1: 45376 | AD1: 45377 | AE1: 45378 | AF1: 45379 | AG1: 45380 | AH1: 45381 | AI1: 45382 | AJ1: TOTAL SL
A2: AGAS, JILLIAN LAO | B2: ='Feb2025'!B2+1.25- (COUNTIF(E2:AI2, "VL") * 1) - (COUNTIF(E2:AI2, "HDL") * 0.5) -> 3.75 | C2: ='Feb2025'!C2-COUNTIF(E2:AI2, "SL")-(COUNTIF(E2:AI2, "HDSL") * 0.5) -> 4 | D2: ='Feb2025'!D2-COUNTIF(E2:AI2, "SPL") -> 0 | J2: VL | P2: VL | Z2: VL | AC2: VL | AD2: VL | AJ2: =COUNTIF(E2:AI2,"SL") -> 0
A3: AGUILAR, IAN MYCO | B3: ='Feb2025'!B3+1.25- (COUNTIF(E3:AI3, "VL") * 1) - (COUNTIF(E3:AI3, "HDL") * 0.5) -> 13.75 | C3: ='Feb2025'!C3-COUNTIF(E3:AI3, "SL")-(COUNTIF(E3:AI3, "HDSL") * 0.5) -> 5 | D3: ='Feb2025'!D3-COUNTIF(E3:AI3, "SPL") -> 0 | AI3: VL | AJ3: =COUNTIF(E3:AI3,"SL") -> 0
A4: ALIMURONG, JOEL LUSUNG | B4: ='Feb2025'!B4+1.25- (COUNTIF(E4:AI4, "VL") * 1) - (COUNTIF(E4:AI4, "HDL") * 0.5) -> 11.5 | C4: ='Feb2025'!C4-COUNTIF(E4:AI4, "SL")-(COUNTIF(E4:AI4, "HDSL") * 0.5) -> 2 | D4: ='Feb2025'!D4-COUNTIF(E4:AI4, "SPL") -> 0 | O4: VL | P4: SL | Y4: VL | AB4: VL | AC4: VL | AD4: SL | AJ4: =COUNTIF(E4:AI4,"SL") -> 2
A5: ANTONIO, VINCENT KEVIN SANTOS | B5: ='Feb2025'!B5+1.25- (COUNTIF(E5:AI5, "VL") * 1) - (COUNTIF(E5:AI5, "HDL") * 0.5) -> 6.75 | C5: ='Feb2025'!C5-COUNTIF(E5:AI5, "SL")-(COUNTIF(E5:AI5, "HDSL") * 0.5) -> 2.5 | D5: ='Feb2025'!D5-COUNTIF(E5:AI5, "SPL") -> 0 | G5: SL | R5: VL | U5: SL | Y5: COVL | AB5: COVL | AC5: COVL | AD5: VL | AJ5: =COUNTIF(E5:AI5,"SL") -> 2
A6: AUSTRIA, LOUIS FERNAND BALUYOT | B6: ='Feb2025'!B6+1.25- (COUNTIF(E6:AI6, "VL") * 1) - (COUNTIF(E6:AI6, "HDL") * 0.5) -> 2.75 | C6: ='Feb2025'!C6-COUNTIF(E6:AI6, "SL")-(COUNTIF(E6:AI6, "HDSL") * 0.5) -> 5 | D6: ='Feb2025'!D6-COUNTIF(E6:AI6, "SPL") -> 0 | AJ6: =COUNTIF(E6:AI6,"SL") -> 0
A7: BACONGALLO, NIKA NUEVA | B7: ='Feb2025'!B7+1.25- (COUNTIF(E7:AI7, "VL") * 1) - (COUNTIF(E7:AI7, "HDL") * 0.5) -> 3.5 | C7: ='Feb2025'!C7-COUNTIF(E7:AI7, "SL")-(COUNTIF(E7:AI7, "HDSL") * 0.5) -> 3 | D7: ='Feb2025'!D7-COUNTIF(E7:AI7, "SPL") -> 0 | AF7: VL | AI7: SL | AJ7: =COUNTIF(E7:AI7,"SL") -> 1
A8: BANSIL, KRISTIAN DAVID | B8: ='Feb2025'!B8+1.25-6.5- (COUNTIF(E8:AI8, "VL") * 1) - (COUNTIF(E8:AI8, "HDL") * 0.5) -> 2.25 | C8: ='Feb2025'!C8-COUNTIF(E8:AI8, "SL")-(COUNTIF(E8:AI8, "HDSL") * 0.5) -> 5 | D8: ='Feb2025'!D8-COUNTIF(E8:AI8, "SPL") -> 0 | AJ8: =COUNTIF(E8:AI8,"SL") -> 0
A9: BENALLA, RENNECA Villapaña | B9: ='Feb2025'!B9+1.25- (COUNTIF(E9:AI9, "VL") * 1) - (COUNTIF(E9:AI9, "HDL") * 0.5) -> 8 | C9: ='Feb2025'!C9-COUNTIF(E9:AI9, "SL")-(COUNTIF(E9:AI9, "HDSL") * 0.5) -> 5 | D9: ='Feb2025'!D9-COUNTIF(E9:AI9, "SPL") -> 0 | AJ9: =COUNTIF(E9:AI9,"SL") -> 0
A10: CAMERINO, YRIS GAELLE PARREÑAS | B10: ='Feb2025'!B10+1.25- (COUNTIF(E10:AI10, "VL") * 1) - (COUNTIF(E10:AI10, "HDL") * 0.5) -> 4.25 | C10: ='Feb2025'!C10-COUNTIF(E10:AI10, "SL")-(COUNTIF(E10:AI10, "HDSL") * 0.5) -> 4 | D10: ='Feb2025'!D10-COUNTIF(E10:AI10, "SPL") -> 0 | AC10: HDL | AF10: SL | AI10: VL | AJ10: =COUNTIF(E10:AI10,"SL") -> 1
A11: CASTRO, AIZEL SANTOS | B11: ='Feb2025'!B11+1.25- (COUNTIF(E11:AI11, "VL") * 1) - (COUNTIF(E11:AI11, "HDL") * 0.5) -> 13 | C11: ='Feb2025'!C11-COUNTIF(E11:AI11, "SL")-(COUNTIF(E11:AI11, "HDSL") * 0.5) -> 1.5 | D11: ='Feb2025'!D11-COUNTIF(E11:AI11, "SPL") -> 4 | G11: SL | O11: SPL | AJ11: =COUNTIF(E11:AI11,"SL") -> 1
A12: CASTILLANO, DENVER ORLANDA | B12: ='Feb2025'!B12+1.25- (COUNTIF(E12:AI12, "VL") * 1) - (COUNTIF(E12:AI12, "HDL") * 0.5) -> 5.25 | C12: ='Feb2025'!C12-COUNTIF(E12:AI12, "SL")-(COUNTIF(E12:AI12, "HDSL") * 0.5) -> 5 | D12: ='Feb2025'!D12-COUNTIF(E12:AI12, "SPL") -> 0 | AJ12: =COUNTIF(E12:AI12,"SL") -> 0
A13: CATOLOGO, MARNIE | B13: ='Feb2025'!B13+1.25- (COUNTIF(E13:AI13, "VL") * 1) - (COUNTIF(E13:AI13, "HDL") * 0.5) -> 7.25 | C13: ='Feb2025'!C13-COUNTIF(E13:AI13, "SL")-(COUNTIF(E13:AI13, "HDSL") * 0.5) -> 1 | D13: ='Feb2025'!D13-COUNTIF(E13:AI13, "SPL") -> 0 | AA13: SL | AC13: SL | AJ13: =COUNTIF(E13:AI13,"SL") -> 2
A14: CELESTE, LOVELAINE GUDOY | B14: ='Feb2025'!B14+1.25- (COUNTIF(E14:AI14, "VL") * 1) - (COUNTIF(E14:AI14, "HDL") * 0.5) -> 8.75 | C14: ='Feb2025'!C14+0.416-COUNTIF(E14:AI14, "SL")-(COUNTIF(E14:AI14, "HDSL") * 0.5) -> 2.912 | AJ14: =COUNTIF(E14:AI14,"SL") -> 0
A15: COLIS, REYMARK BRYAN SILVANO | B15: ='Feb2025'!B15+1.25- (COUNTIF(E15:AI15, "VL") * 1) - (COUNTIF(E15:AI15, "HDL") * 0.5) -> 8.375 | C15: ='Feb2025'!C15-COUNTIF(E15:AI15, "SL")-(COUNTIF(E15:AI15, "HDSL") * 0.5) -> 3 | D15: ='Feb2025'!D15-COUNTIF(E15:AI15, "SPL") -> 0 | G15: VL | AJ15: =COUNTIF(E15:AI15,"SL") -> 0
A16: CRISANTO, ELRITZ T | B16: ='Feb2025'!B16+1.25- (COUNTIF(E16:AI16, "VL") * 1) - (COUNTIF(E16:AI16, "HDL") * 0.5) -> 7.75 | C16: ='Feb2025'!C16-COUNTIF(E16:AI16, "SL")-(COUNTIF(E16:AI16, "HDSL") * 0.5) -> 2 | D16: ='Feb2025'!D16-COUNTIF(E16:AI16, "SPL") -> 0 | W16: SL | AJ16: =COUNTIF(E16:AI16,"SL") -> 1
A17: DELA CRUZ, SHAINA DIMAYUGO | B17: ='Feb2025'!B17+1.25- (COUNTIF(E17:AI17, "VL") * 1) - (COUNTIF(E17:AI17, "HDL") * 0.5) -> 3.5 | C17: ='Feb2025'!C17-COUNTIF(E17:AI17, "SL")-(COUNTIF(E17:AI17, "HDSL") * 0.5) -> 1 | D17: ='Feb2025'!D17-COUNTIF(E17:AI17, "SPL") -> 0 | Q17: SL | AI17: SL | AJ17: =COUNTIF(E17:AI17,"SL") -> 2
A18: EMBUSCADO, EVER A | B18: ='Feb2025'!B18+1.25- (COUNTIF(E18:AI18, "VL") * 1) - (COUNTIF(E18:AI18, "HDL") * 0.5) -> 11 | C18: ='Feb2025'!C18-COUNTIF(E18:AI18, "SL")-(COUNTIF(E18:AI18, "HDSL") * 0.5) -> 5 | D18: ='Feb2025'!D18-COUNTIF(E18:AI18, "SPL") -> 0 | AJ18: =COUNTIF(E18:AI18,"SL") -> 0
A19: FERNANDEZ, FRANCIS EMMANUEL VELOSO | B19: ='Feb2025'!B19+1.25- (COUNTIF(E19:AI19, "VL") * 1) - (COUNTIF(E19:AI19, "HDL") * 0.5) -> 9 | C19: ='Feb2025'!C19-COUNTIF(E19:AI19, "SL")-(COUNTIF(E19:AI19, "HDSL") * 0.5) -> 2 | D19: ='Feb2025'!D19-COUNTIF(E19:AI19, "SPL") -> 0 | T19: SL | AB19: VL | AC19: VL | AD19: VL | AJ19: =COUNTIF(E19:AI19,"SL") -> 1
A20: GALGO, CEDRICK CRUZ | B20: ='Feb2025'!B20+1.25- (COUNTIF(E20:AI20, "VL") * 1) - (COUNTIF(E20:AI20, "HDL") * 0.5) -> 10.25 | C20: ='Feb2025'!C20-COUNTIF(E20:AI20, "SL")-(COUNTIF(E20:AI20, "HDSL") * 0.5) -> 5 | D20: ='Feb2025'!D20-COUNTIF(E20:AI20, "SPL") -> 0 | X20: VL | Y20: VL | AB20: VL | AC20: VL | AD20: VL | AJ20: =COUNTIF(E20:AI20,"SL") -> 0
A21: GATBONTON, ANALIZA TALOBAN | B21: ='Feb2025'!B21+1.25- (COUNTIF(E21:AI21, "VL") * 1) - (COUNTIF(E21:AI21, "HDL") * 0.5) -> 6.75 | C21: ='Feb2025'!C21-COUNTIF(E21:AI21, "SL")-(COUNTIF(E21:AI21, "HDSL") * 0.5) -> 1.5 | D21: ='Feb2025'!D21-COUNTIF(E21:AI21, "SPL") -> 0 | Q21: HDSL | AC21: VL | AD21: VL | AE21: VL | AF21: VL | AI21: VL | AJ21: =COUNTIF(E21:AI21,"SL") -> 0
A22: GATBONTON, BEVERLY TALOBAN | B22: ='Feb2025'!B22+1.25- (COUNTIF(E22:AI22, "VL") * 1) - (COUNTIF(E22:AI22, "HDL") * 0.5) -> 1.5 | C22: ='Feb2025'!C22-COUNTIF(E22:AI22, "SL")-(COUNTIF(E22:AI22, "HDSL") * 0.5) -> 3 | D22: ='Feb2025'!D22-COUNTIF(E22:AI22, "SPL") -> 0 | Q22: SL | X22: VL | Y22: HDL | AJ22: =COUNTIF(E22:AI22,"SL") -> 1
A23: GUECO, JOHANA ROSE PEREZ | B23: ='Feb2025'!B23+1.25- (COUNTIF(E23:AI23, "VL") * 1) - (COUNTIF(E23:AI23, "HDL") * 0.5) -> 3.75 | C23: ='Feb2025'!C23-COUNTIF(E23:AI23, "SL")-(COUNTIF(E23:AI23, "HDSL") * 0.5) -> 3 | D23: ='Feb2025'!D23-COUNTIF(E23:AI23, "SPL") -> 5 | O23: SL | U23: SPL | V23: VL | W23: VL | AJ23: =COUNTIF(E23:AI23,"SL") -> 1
A24: JOSAFAT, RENALYN | B24: ='Feb2025'!B24+1.25- (COUNTIF(E24:AI24, "VL") * 1) - (COUNTIF(E24:AI24, "HDL") * 0.5) -> 4.75 | C24: ='Feb2025'!C24-COUNTIF(E24:AI24, "SL")-(COUNTIF(E24:AI24, "HDSL") * 0.5) -> 2 | D24: ='Feb2025'!D24-COUNTIF(E24:AI24, "SPL") -> 0 | O24: VL | P24: VL | Q24: VL | R24: VL | AI24: SL | AJ24: =COUNTIF(E24:AI24,"SL") -> 1
A25: LOZANO, ALDWIN JOHN | B25: ='Feb2025'!B25+1.25- (COUNTIF(E25:AI25, "VL") * 1) - (COUNTIF(E25:AI25, "HDL") * 0.5) -> 5.25 | C25: ='Feb2025'!C25-COUNTIF(E25:AI25, "SL")-(COUNTIF(E25:AI25, "HDSL") * 0.5) -> 0 | D25: ='Feb2025'!D25-COUNTIF(E25:AI25, "SPL") -> 0 | O25: SL | X25: SL | Y25: SL | AJ25: =COUNTIF(E25:AI25,"SL") -> 3
A26: MALINAO, ROGELIO DELA PENA | B26: ='Feb2025'!B26+1.25- (COUNTIF(E26:AI26, "VL") * 1) - (COUNTIF(E26:AI26, "HDL") * 0.5) -> 7 | C26: ='Feb2025'!C26-COUNTIF(E26:AI26, "SL")-(COUNTIF(E26:AI26, "HDSL") * 0.5) -> 2 | D26: ='Feb2025'!D26-COUNTIF(E26:AI26, "SPL") -> 0 | AC26: SL | AJ26: =COUNTIF(E26:AI26,"SL") -> 1
A27: MATAGA, EDITH DAVID | B27: ='Feb2025'!B27+1.25- (COUNTIF(E27:AI27, "VL") * 1) - (COUNTIF(E27:AI27, "HDL") * 0.5) -> 1.25 | C27: ='Feb2025'!C27-COUNTIF(E27:AI27, "SL")-(COUNTIF(E27:AI27, "HDSL") * 0.5) -> 0 | D27: ='Feb2025'!D27-COUNTIF(E27:AI27, "SPL") -> 0 | O27: SL | P27: VL | Q27: VL | AJ27: =COUNTIF(E27:AI27,"SL") -> 1
A28: MENDOZA , SEAN JUSTINE F | B28: ='Feb2025'!B28+1.25- (COUNTIF(E28:AI28, "VL") * 1) - (COUNTIF(E28:AI28, "HDL") * 0.5) -> 10 | C28: ='Feb2025'!C28-COUNTIF(E28:AI28, "SL")-(COUNTIF(E28:AI28, "HDSL") * 0.5) -> 3 | D28: ='Feb2025'!D28-COUNTIF(E28:AI28, "SPL") -> 0 | U28: SL | Y28: SL | AJ28: =COUNTIF(E28:AI28,"SL") -> 2
A29: NAVALON, EVANEL CAACBAY | B29: ='Feb2025'!B29+1.25- (COUNTIF(E29:AI29, "VL") * 1) - (COUNTIF(E29:AI29, "HDL") * 0.5) -> 7.75 | C29: ='Feb2025'!C29-COUNTIF(E29:AI29, "SL")-(COUNTIF(E29:AI29, "HDSL") * 0.5) -> 4 | D29: ='Feb2025'!D29-COUNTIF(E29:AI29, "SPL") -> 0 | M29: VL | AH29: VL | AI29: SL | AJ29: =COUNTIF(E29:AI29,"SL") -> 1
A30: NUÑEZ, IVY | B30: ='Feb2025'!B30+1.25- (COUNTIF(E30:AI30, "VL") * 1) - (COUNTIF(E30:AI30, "HDL") * 0.5) -> 8.25 | C30: ='Feb2025'!C30+0.416666666666666-COUNTIF(E30:AI30, "SL")-(COUNTIF(E30:AI30, "HDSL") * 0.5) -> 2.9126667 | D30: ='Feb2025'!D30-COUNTIF(E30:AI30, "SPL") -> 0 | AJ30: =COUNTIF(E30:AI30,"SL") -> 0
A31: OCAMPO, ALFRED NAGUIT | B31: ='Feb2025'!B31+1.25- (COUNTIF(E31:AI31, "VL") * 1) - (COUNTIF(E31:AI31, "HDL") * 0.5) -> 6.25 | C31: ='Feb2025'!C31-COUNTIF(E31:AI31, "SL")-(COUNTIF(E31:AI31, "HDSL") * 0.5) -> 3 | D31: ='Feb2025'!D31-COUNTIF(E31:AI31, "SPL") -> 0 | Y31: VL | AB31: VL | AC31: VL | AI31: SL | AJ31: =COUNTIF(E31:AI31,"SL") -> 1
A32: OTSUKA, SHIGERU CENTINA | B32: ='Feb2025'!B32+1.25- (COUNTIF(E32:AI32, "VL") * 1) - (COUNTIF(E32:AI32, "HDL") * 0.5) -> 2.25 | C32: ='Feb2025'!C32-COUNTIF(E32:AI32, "SL")-(COUNTIF(E32:AI32, "HDSL") * 0.5) -> 3 | D32: ='Feb2025'!D32-COUNTIF(E32:AI32, "SPL") -> 0 | J32: VL | AB32: VL | AI32: SL | AJ32: =COUNTIF(E32:AI32,"SL") -> 1
A33: PABILLANO, FRANKLIN ROOS C | B33: ='Feb2025'!B33+1.25- (COUNTIF(E33:AI33, "VL") * 1) - (COUNTIF(E33:AI33, "HDL") * 0.5) -> 19.75 | C33: ='Feb2025'!C33-COUNTIF(E33:AI33, "SL")-(COUNTIF(E33:AI33, "HDSL") * 0.5) -> 4 | D33: ='Feb2025'!D33-COUNTIF(E33:AI33, "SPL") -> 0 | N33: SL | AJ33: =COUNTIF(E33:AI33,"SL") -> 1
A34: PANGAN, CRISTINA MIRANDA | B34: ='Feb2025'!B34+1.25- (COUNTIF(E34:AI34, "VL") * 1) - (COUNTIF(E34:AI34, "HDL") * 0.5) -> 7.25 | C34: ='Feb2025'!C34-COUNTIF(E34:AI34, "SL")-(COUNTIF(E34:AI34, "HDSL") * 0.5) -> 4.5 | D34: ='Feb2025'!D34-COUNTIF(E34:AI34, "SPL") -> 0 | K34: VL | N34: VL | AJ34: =COUNTIF(E34:AI34,"SL") -> 0
A35: PATRIMONIO, RYAN REX | B35: ='Feb2025'!B35+1.25- (COUNTIF(E35:AI35, "VL") * 1) - (COUNTIF(E35:AI35, "HDL") * 0.5) -> 3.75 | C35: ='Feb2025'!C35-COUNTIF(E35:AI35, "SL")-(COUNTIF(E35:AI35, "HDSL") * 0.5) -> 0.5 | D35: ='Feb2025'!D35-COUNTIF(E35:AI35, "SPL") -> 0 | AI35: VL | AJ35: =COUNTIF(E35:AI35,"SL") -> 0
A36: PINEDA, ERIKA SERIOSA | B36: ='Feb2025'!B36+1.25- (COUNTIF(E36:AI36, "VL") * 1) - (COUNTIF(E36:AI36, "HDL") * 0.5) -> 7.25 | C36: ='Feb2025'!C36-COUNTIF(E36:AI36, "SL")-(COUNTIF(E36:AI36, "HDSL") * 0.5) -> 3 | D36: ='Feb2025'!D36-COUNTIF(E36:AI36, "SPL") -> 0 | O36: SL | AJ36: =COUNTIF(E36:AI36,"SL") -> 1
A37: PLATERO, MA. CHARISMA | B37: ='Feb2025'!B37+1.25- (COUNTIF(E37:AI37, "VL") * 1) - (COUNTIF(E37:AI37, "HDL") * 0.5) -> 12 | C37: ='Feb2025'!C37-COUNTIF(E37:AI37, "SL")-(COUNTIF(E37:AI37, "HDSL") * 0.5) -> 7.5 | D37: ='Feb2025'!D37-COUNTIF(E37:AI37, "SPL") -> 0 | AJ37: =COUNTIF(E37:AI37,"SL") -> 0
A38: RONQUILLO, RHEGENE INGAT | B38: ='Feb2025'!B38+1.25- (COUNTIF(E38:AI38, "VL") * 1) - (COUNTIF(E38:AI38, "HDL") * 0.5) -> 2.75 | C38: ='Feb2025'!C38-COUNTIF(E38:AI38, "SL")-(COUNTIF(E38:AI38, "HDSL") * 0.5) -> 3 | D38: ='Feb2025'!D38-COUNTIF(E38:AI38, "SPL") -> 0 | R38: VL | AJ38: =COUNTIF(E38:AI38,"SL") -> 0
A39: SAMODIO, JHUNEL CARLO TRAIFALGAR | B39: ='Feb2025'!B39+1.25- (COUNTIF(E39:AI39, "VL") * 1) - (COUNTIF(E39:AI39, "HDL") * 0.5) -> 21.5 | C39: ='Feb2025'!C39-COUNTIF(E39:AI39, "SL")-(COUNTIF(E39:AI39, "HDSL") * 0.5) -> 2 | D39: ='Feb2025'!D39-COUNTIF(E39:AI39, "SPL") -> 0 | O39: SL | AJ39: =COUNTIF(E39:AI39,"SL") -> 1
A40: SORIANO, MARY ANN VALLEJOS | B40: ='Feb2025'!B40+1.25- (COUNTIF(E40:AI40, "VL") * 1) - (COUNTIF(E40:AI40, "HDL") * 0.5) -> 0.5 | C40: ='Feb2025'!C40-COUNTIF(E40:AI40, "SL")-(COUNTIF(E40:AI40, "HDSL") * 0.5) -> 4 | D40: ='Feb2025'!D40-COUNTIF(E40:AI40, "SPL") -> 0 | T40: VL | U40: VL | AJ40: =COUNTIF(E40:AI40,"SL") -> 0
A41: TOLOMIA, RICA JOY VIRAY | B41: ='Feb2025'!B41+1.25- (COUNTIF(E41:AI41, "VL") * 1) - (COUNTIF(E41:AI41, "HDL") * 0.5) -> 7.75 | C41: ='Feb2025'!C41+0.416666666666666-COUNTIF(E41:AI41, "SL")-(COUNTIF(E41:AI41, "HDSL") * 0.5) -> 2.9126667 | D41: ='Feb2025'!D42-COUNTIF(E41:AI41, "SPL") -> 0 | AI41: VL | AJ41: =COUNTIF(E41:AI41,"SL") -> 0
A42: TRINIDAD, JENNIFER M | B42: ='Feb2025'!B42+1.25- (COUNTIF(E42:AI42, "VL") * 1) - (COUNTIF(E42:AI42, "HDL") * 0.5) -> 3 | C42: ='Feb2025'!C42-COUNTIF(E42:AI42, "SL")-(COUNTIF(E42:AI42, "HDSL") * 0.5) -> 2 | D42: ='Feb2025'!D41-COUNTIF(E42:AI42, "SPL") -> 0 | G42: SL | U42: SL | Y42: VL | AB42: VL | AC42: VL | AD42: VL | AJ42: =COUNTIF(E42:AI42,"SL") -> 2

Sheet Apr2025
A1: NAME | B1: VL | C1: SL | D1: SPL | E1: 45383 | F1: 45384 | G1: 45385 | H1: 45386 | I1: 45387 | J1: 45388 | K1: 45389 | L1: 45390 | M1: 45391 | N1: 45392 | O1: 45393 | P1: 45394 | Q1: 45395 | R1: 45396 | S1: 45397 | T1: 45398 | U1: 45399 | V1: 45400 | W1: 45401 | X1: 45402 | Y1: 45403 | Z1: 45404 | AA1: 45405 | AB1: 45406 | AC1: 45407 | AD1: 45408 | AE1: 45409 | AF1: 45410 | AG1: 45411 | AH1: 45412 | AJ1: TOTAL SL
A2: AGAS, JILLIAN LAO | B2: ='Mar2025 '!B2+1.25- (COUNTIF(E2:AH2, "VL") * 1) - (COUNTIF(E2:AH2, "HDL") * 0.5) -> 5 | C2: ='Mar2025 '!C2-COUNTIF(E2:AH2, "SL")-(COUNTIF(E2:AH2, "HDSL") * 0.5) -> 4 | D2: ='Mar2025 '!D2-COUNTIF(E2:AH2, "SPL") -> 0 | AJ2: =COUNTIF(E2:AI2,"SL") -> 0
A3: AGUILAR, IAN MYCO | B3: ='Mar2025 '!B3+1.25- (COUNTIF(E3:AH3, "VL") * 1) - (COUNTIF(E3:AH3, "HDL") * 0.5) -> 12 | C3: ='Mar2025 '!C3-COUNTIF(E3:AH3, "SL")-(COUNTIF(E3:AH3, "HDSL") * 0.5) -> 4 | D3: ='Mar2025 '!D3-COUNTIF(E3:AH3, "SPL") -> 0 | E3: VL | U3: SL | AF3: VL | AG3: VL | AJ3: =COUNTIF(E3:AI3,"SL") -> 1
A4: ALIMURONG, JOEL LUSUNG | B4: ='Mar2025 '!B4+1.25- (COUNTIF(E4:AH4, "VL") * 1) - (COUNTIF(E4:AH4, "HDL") * 0.5) -> 11.75 | C4: ='Mar2025 '!C4-COUNTIF(E4:AH4, "SL")-(COUNTIF(E4:AH4, "HDSL") * 0.5) -> 1 | D4: ='Mar2025 '!D4-COUNTIF(E4:AH4, "SPL") -> 0 | U4: VL | Z4: SL | AJ4: =COUNTIF(E4:AI4,"SL") -> 1
A5: ANTONIO, VINCENT KEVIN SANTOS | B5: ='Mar2025 '!B5+1.25- (COUNTIF(E5:AH5, "VL") * 1) - (COUNTIF(E5:AH5, "HDL") * 0.5) -> 8 | C5: ='Mar2025 '!C5-COUNTIF(E5:AH5, "SL")-(COUNTIF(E5:AH5, "HDSL") * 0.5) -> 2.5 | D5: ='Mar2025 '!D5-COUNTIF(E5:AH5, "SPL") -> 0 | AJ5: =COUNTIF(E5:AI5,"SL") -> 0
A6: AUSTRIA, LOUIS FERNAND BALUYOT | B6: ='Mar2025 '!B6+1.25- (COUNTIF(E6:AH6, "VL") * 1) - (COUNTIF(E6:AH6, "HDL") * 0.5) -> 4 | C6: ='Mar2025 '!C6-COUNTIF(E6:AH6, "SL")-(COUNTIF(E6:AH6, "HDSL") * 0.5) -> 4 | D6: ='Mar2025 '!D6-COUNTIF(E6:AH6, "SPL") -> 0 | F6: SL | AJ6: =COUNTIF(E6:AI6,"SL") -> 1
A7: BACONGALLO, NIKA NUEVA | B7: ='Mar2025 '!B7+1.25- (COUNTIF(E7:AH7, "VL") * 1) - (COUNTIF(E7:AH7, "HDL") * 0.5) -> 4.75 | C7: ='Mar2025 '!C7-COUNTIF(E7:AH7, "SL")-(COUNTIF(E7:AH7, "HDSL") * 0.5) -> 3 | D7: ='Mar2025 '!D7-COUNTIF(E7:AH7, "SPL") -> 0 | AJ7: =COUNTIF(E7:AI7,"SL") -> 0
A8: BANSIL, KRISTIAN DAVID | B8: ='Mar2025 '!B8+1.25- (COUNTIF(E8:AH8, "VL") * 1) - (COUNTIF(E8:AH8, "HDL") * 0.5) -> 3.5 | C8: ='Mar2025 '!C8-COUNTIF(E8:AH8, "SL")-(COUNTIF(E8:AH8, "HDSL") * 0.5) -> 4 | D8: ='Mar2025 '!D8-COUNTIF(E8:AH8, "SPL") -> 0 | U8: SL | AJ8: =COUNTIF(E8:AI8,"SL") -> 1
A9: BALDERAS, GLORY ANN GARCIA | B9: =1.25*6-(4)- (COUNTIF(E9:AH9, "VL") * 1) - (COUNTIF(E9:AH9, "HDL") * 0.5) -> 3.5 | C9: =0.416666666666666*6-COUNTIF(E9:AH9, "SL")-(COUNTIF(E9:AH9, "HDSL") * 0.5) -> 1.5 | AF9: SL | AJ9: =COUNTIF(E9:AI9,"SL") -> 1
A10: BENALLA, RENNECA Villapaña | B10: ='Mar2025 '!B9+1.25- (COUNTIF(E10:AH10, "VL") * 1) - (COUNTIF(E10:AH10, "HDL") * 0.5) -> 9.25 | C10: ='Mar2025 '!C9-COUNTIF(E10:AH10, "SL")-(COUNTIF(E10:AH10, "HDSL") * 0.5) -> 5 | D10: ='Mar2025 '!D9-COUNTIF(E10:AH10, "SPL") -> 0 | AJ10: =COUNTIF(E10:AI10,"SL") -> 0
A11: BONDOC, FRANCIS | B11: =1.25*6- (COUNTIF(E11:AH11, "VL") * 1) - (COUNTIF(E11:AH11, "HDL") * 0.5) -> 7.5 | C11: =0.416666666666666*6-COUNTIF(E11:AH11, "SL")-(COUNTIF(E11:AH11, "HDSL") * 0.5) -> 2.5 | AJ11: =COUNTIF(E11:AI11,"SL") -> 0
A12: CAMERINO, YRIS GAELLE PARREÑAS | B12: ='Mar2025 '!B10+1.25- (COUNTIF(E12:AH12, "VL") * 1) - (COUNTIF(E12:AH12, "HDL") * 0.5) -> 4.5 | C12: ='Mar2025 '!C10-COUNTIF(E12:AH12, "SL")-(COUNTIF(E12:AH12, "HDSL") * 0.5) -> 4 | D12: ='Mar2025 '!D10-COUNTIF(E12:AH12, "SPL") -> 0 | AA12: VL | AJ12: =COUNTIF(E12:AI12,"SL") -> 0
A13: CASTRO, AIZEL SANTOS | B13: ='Mar2025 '!B11+1.25- (COUNTIF(E13:AH13, "VL") * 1) - (COUNTIF(E13:AH13, "HDL") * 0.5) -> 14.25 | C13: ='Mar2025 '!C11-COUNTIF(E13:AH13, "SL")-(COUNTIF(E13:AH13, "HDSL") * 0.5) -> 0.5 | D13: ='Mar2025 '!D11-COUNTIF(E13:AH13, "SPL") -> 4 | Z13: SL | AJ13: =COUNTIF(E13:AI13,"SL") -> 1
A14: CASTILLANO, DENVER ORLANDA | B14: ='Mar2025 '!B12+1.25- (COUNTIF(E14:AH14, "VL") * 1) - (COUNTIF(E14:AH14, "HDL") * 0.5) -> 6.5 | C14: ='Mar2025 '!C12-COUNTIF(E14:AH14, "SL")-(COUNTIF(E14:AH14, "HDSL") * 0.5) -> 5 | D14: ='Mar2025 '!D12-COUNTIF(E14:AH14, "SPL") -> 0 | AJ14: =COUNTIF(E14:AI14,"SL") -> 0
A15: CATOLOGO, MARNIE | B15: ='Mar2025 '!B13+1.25- (COUNTIF(E15:AH15, "VL") * 1) - (COUNTIF(E15:AH15, "HDL") * 0.5) -> 8.5 | C15: ='Mar2025 '!C13-COUNTIF(E15:AH15, "SL")-(COUNTIF(E15:AH15, "HDSL") * 0.5) -> 0 | D15: ='Mar2025 '!D13-COUNTIF(E15:AH15, "SPL") -> 0 | T15: SL | AJ15: =COUNTIF(E15:AI15,"SL") -> 1
A16: CELESTE, LOVELAINE GUDOY | B16: ='Mar2025 '!B14+1.25- (COUNTIF(E16:AH16, "VL") * 1) - (COUNTIF(E16:AH16, "HDL") * 0.5) -> 8 | C16: ='Mar2025 '!C14+0.416666666666666-COUNTIF(E16:AH16, "SL")-(COUNTIF(E16:AH16, "HDSL") * 0.5) -> 3.3286667 | D16: ='Mar2025 '!D14-COUNTIF(E16:AH16, "SPL") -> 0 | S16: VL | T16: VL | AJ16: =COUNTIF(E16:AI16,"SL") -> 0
A17: COLIS, REYMARK BRYAN SILVANO | B17: ='Mar2025 '!B15+1.25- (COUNTIF(E17:AH17, "VL") * 1) - (COUNTIF(E17:AH17, "HDL") * 0.5) -> 9.125 | C17: ='Mar2025 '!C15-COUNTIF(E17:AH17, "SL")-(COUNTIF(E17:AH17, "HDSL") * 0.5) -> 3 | D17: ='Mar2025 '!D15-COUNTIF(E17:AH17, "SPL") -> 0 | V17: HDL | AJ17: =COUNTIF(E17:AI17,"SL") -> 0
A18: CRISANTO, ELRITZ T | B18: ='Mar2025 '!B16+1.25- (COUNTIF(E18:AH18, "VL") * 1) - (COUNTIF(E18:AH18, "HDL") * 0.5) -> 8 | C18: ='Mar2025 '!C16-COUNTIF(E18:AH18, "SL")-(COUNTIF(E18:AH18, "HDSL") * 0.5) -> 1 | D18: ='Mar2025 '!D16-COUNTIF(E18:AH18, "SPL") -> 0 | O18: SL | Z18: VL | AJ18: =COUNTIF(E18:AI18,"SL") -> 1
A19: DIMLA, JHOSUA | B19: =1.25*6- (COUNTIF(E19:AH19, "VL") * 1) - (COUNTIF(E19:AH19, "HDL") * 0.5) -> 7.5 | C19: =0.416666666666666*6-COUNTIF(E19:AH19, "SL")-(COUNTIF(E19:AH19, "HDSL") * 0.5) -> 1.5 | AE19: SL | AJ19: =COUNTIF(E19:AI19,"SL") -> 1
A20: DELA CRUZ, SHAINA DIMAYUGO | B20: ='Mar2025 '!B17+1.25- (COUNTIF(E20:AH20, "VL") * 1) - (COUNTIF(E20:AH20, "HDL") * 0.5) -> 0.75 | C20: ='Mar2025 '!C17-COUNTIF(E20:AH20, "SL")-(COUNTIF(E20:AH20, "HDSL") * 0.5) -> 1 | D20: ='Mar2025 '!D17-COUNTIF(E20:AH20, "SPL") -> 0 | H20: VL | K20: VL | O20: VL | T20: VL | AJ20: =COUNTIF(E20:AI20,"SL") -> 0
A21: FERNANDEZ, FRANCIS EMMANUEL VELOSO | B21: ='Mar2025 '!B19+1.25- (COUNTIF(E21:AH21, "VL") * 1) - (COUNTIF(E21:AH21, "HDL") * 0.5) -> 7.25 | C21: ='Mar2025 '!C19-COUNTIF(E21:AH21, "SL")-(COUNTIF(E21:AH21, "HDSL") * 0.5) -> 0 | D21: ='Mar2025 '!D19-COUNTIF(E21:AH21, "SPL") -> 0 | S21: VL | T21: VL | U21: VL | AA21: SL | AB21: SL | AJ21: =COUNTIF(E21:AI21,"SL") -> 2
A22: GALGO, CEDRICK CRUZ | B22: ='Mar2025 '!B20+1.25- (COUNTIF(E22:AH22, "VL") * 1) - (COUNTIF(E22:AH22, "HDL") * 0.5) -> 8.5 | C22: ='Mar2025 '!C20-COUNTIF(E22:AH22, "SL")-(COUNTIF(E22:AH22, "HDSL") * 0.5) -> 5 | D22: ='Mar2025 '!D20-COUNTIF(E22:AH22, "SPL") -> 0 | Z22: VL | AA22: VL | AB22: VL | AJ22: =COUNTIF(E22:AI22,"SL") -> 0
A23: GATBONTON, ANALIZA TALOBAN | B23: ='Mar2025 '!B21+1.25- (COUNTIF(E23:AH23, "VL") * 1) - (COUNTIF(E23:AH23, "HDL") * 0.5) -> 4 | C23: ='Mar2025 '!C21-COUNTIF(E23:AH23, "SL")-(COUNTIF(E23:AH23, "HDSL") * 0.5) -> 1.5 | D23: ='Mar2025 '!D21-COUNTIF(E23:AH23, "SPL") -> 0 | E23: VL | F23: VL | T23: VL | AF23: VL | AJ23: =COUNTIF(E23:AI23,"SL") -> 0
A24: GATBONTON, BEVERLY TALOBAN | B24: ='Mar2025 '!B22+1.25- (COUNTIF(E24:AH24, "VL") * 1) - (COUNTIF(E24:AH24, "HDL") * 0.5) -> 2.75 | C24: ='Mar2025 '!C22-COUNTIF(E24:AH24, "SL")-(COUNTIF(E24:AH24, "HDSL") * 0.5) -> 2 | D24: ='Mar2025 '!D22-COUNTIF(E24:AH24, "SPL") -> 0 | U24: SL | AJ24: =COUNTIF(E24:AI24,"SL") -> 1
A25: GUECO, JOHANA ROSE PEREZ | B25: ='Mar2025 '!B23+1.25- (COUNTIF(E25:AH25, "VL") * 1) - (COUNTIF(E25:AH25, "HDL") * 0.5) -> 2 | C25: ='Mar2025 '!C23-COUNTIF(E25:AH25, "SL")-(COUNTIF(E25:AH25, "HDSL") * 0.5) -> 3 | D25: ='Mar2025 '!D23-COUNTIF(E25:AH25, "SPL") -> 4 | Z25: SPL | AA25: VL | AB25: VL | AH25: VL | AJ25: =COUNTIF(E25:AI25,"SL") -> 0
A26: JOSAFAT, RENALYN | B26: ='Mar2025 '!B24+1.25- (COUNTIF(E26:AH26, "VL") * 1) - (COUNTIF(E26:AH26, "HDL") * 0.5) -> 6 | C26: ='Mar2025 '!C24-COUNTIF(E26:AH26, "SL")-(COUNTIF(E26:AH26, "HDSL") * 0.5) -> 1 | D26: ='Mar2025 '!D24-COUNTIF(E26:AH26, "SPL") -> 0 | E26: SL | AJ26: =COUNTIF(E26:AI26,"SL") -> 1
A27: LOZANO, ALDWIN JOHN | B27: ='Mar2025 '!B25+1.25- (COUNTIF(E27:AH27, "VL") * 1) - (COUNTIF(E27:AH27, "HDL") * 0.5) -> 5.5 | C27: ='Mar2025 '!C25-COUNTIF(E27:AH27, "SL")-(COUNTIF(E27:AH27, "HDSL") * 0.5) -> 0 | D27: ='Mar2025 '!D25-COUNTIF(E27:AH27, "SPL") -> 0 | U27: VL | AJ27: =COUNTIF(E27:AI27,"SL") -> 0
A28: MACLANG, JULIE ANNE GUINTO | B28: =1.25*6- (COUNTIF(E28:AH28, "VL") * 1) - (COUNTIF(E28:AH28, "HDL") * 0.5) -> 7.5 | C28: =0.416666666666666*6-COUNTIF(E28:AH28, "SL")-(COUNTIF(E28:AH28, "HDSL") * 0.5) -> 2.5 | AJ28: =COUNTIF(E28:AI28,"SL") -> 0
A29: MAKABENTA, ALTHEA | B29: =1.25*6- (COUNTIF(E29:AH29, "VL") * 1) - (COUNTIF(E29:AH29, "HDL") * 0.5) -> 6.5 | C29: =0.416666666666666*6-COUNTIF(E29:AH29, "SL")-(COUNTIF(E29:AH29, "HDSL") * 0.5) -> 1.5 | AB29: SL | AF29: VL | AJ29: =COUNTIF(E29:AI29,"SL") -> 1
A30: MALINAO, ROGELIO DELA PENA | B30: ='Mar2025 '!B26+1.25- (COUNTIF(E30:AH30, "VL") * 1) - (COUNTIF(E30:AH30, "HDL") * 0.5) -> 8.25 | C30: ='Mar2025 '!C26-COUNTIF(E30:AH30, "SL")-(COUNTIF(E30:AH30, "HDSL") * 0.5) -> 2 | D30: ='Mar2025 '!D26-COUNTIF(E30:AH30, "SPL") -> 0 | U30: HTL | AJ30: =COUNTIF(E30:AI30,"SL") -> 0
A31: MATAGA, EDITH DAVID | B31: ='Mar2025 '!B27+1.25- (COUNTIF(E31:AH31, "VL") * 1) - (COUNTIF(E31:AH31, "HDL") * 0.5) -> 1.5 | C31: ='Mar2025 '!C27-COUNTIF(E31:AH31, "SL")-(COUNTIF(E31:AH31, "HDSL") * 0.5) -> 0 | D31: ='Mar2025 '!D27-COUNTIF(E31:AH31, "SPL") -> 0 | AF31: VL | AJ31: =COUNTIF(E31:AI31,"SL") -> 0
A32: MAR, CHRISTIAN NIODA | B32: =1.25*6- (COUNTIF(E32:AH32, "VL") * 1) - (COUNTIF(E32:AH32, "HDL") * 0.5) -> 7.5 | C32: =0.416666666666666*6-COUNTIF(E32:AH32, "SL")-(COUNTIF(E32:AH32, "HDSL") * 0.5) -> 2.5 | AJ32: =COUNTIF(E32:AI32,"SL") -> 0
A33: MENDOZA , SEAN JUSTINE F | B33: ='Mar2025 '!B28+1.25- (COUNTIF(E33:AH33, "VL") * 1) - (COUNTIF(E33:AH33, "HDL") * 0.5) -> 11.25 | C33: ='Mar2025 '!C28-COUNTIF(E33:AH33, "SL")-(COUNTIF(E33:AH33, "HDSL") * 0.5) -> 3 | D33: ='Mar2025 '!D28-COUNTIF(E33:AH33, "SPL") -> 0 | AJ33: =COUNTIF(E33:AI33,"SL") -> 0
A34: NAVALON, EVANEL CAACBAY | B34: ='Mar2025 '!B29+1.25- (COUNTIF(E34:AH34, "VL") * 1) - (COUNTIF(E34:AH34, "HDL") * 0.5) -> 7 | C34: ='Mar2025 '!C29-COUNTIF(E34:AH34, "SL")-(COUNTIF(E34:AH34, "HDSL") * 0.5) -> 3 | D34: ='Mar2025 '!D29-COUNTIF(E34:AH34, "SPL") -> 0 | K34: SL | Q34: VL | R34: VL | AJ34: =COUNTIF(E34:AI34,"SL") -> 1
A35: NUÑEZ, IVY | B35: ='Mar2025 '!B30+1.25- (COUNTIF(E35:AH35, "VL") * 1) - (COUNTIF(E35:AH35, "HDL") * 0.5) -> 8.5 | C35: ='Mar2025 '!C30+0.416666666666666-COUNTIF(E35:AH35, "SL")-(COUNTIF(E35:AH35, "HDSL") * 0.5) -> 2.3293333 | D35: ='Mar2025 '!D30-COUNTIF(E35:AH35, "SPL") -> 0 | K35: VL | O35: SL | AJ35: =COUNTIF(E35:AI35,"SL") -> 1
A36: OCAMPO, ALFRED NAGUIT | B36: ='Mar2025 '!B31+1.25- (COUNTIF(E36:AH36, "VL") * 1) - (COUNTIF(E36:AH36, "HDL") * 0.5) -> 7.5 | C36: ='Mar2025 '!C31-COUNTIF(E36:AH36, "SL")-(COUNTIF(E36:AH36, "HDSL") * 0.5) -> 3 | D36: ='Mar2025 '!D31-COUNTIF(E36:AH36, "SPL") -> 0 | AJ36: =COUNTIF(E36:AI36,"SL") -> 0
A37: OTSUKA, SHIGERU CENTINA | B37: ='Mar2025 '!B32+1.25- (COUNTIF(E37:AH37, "VL") * 1) - (COUNTIF(E37:AH37, "HDL") * 0.5) -> 3.5 | C37: ='Mar2025 '!C32-COUNTIF(E37:AH37, "SL")-(COUNTIF(E37:AH37, "HDSL") * 0.5) -> 2.5 | D37: ='Mar2025 '!D32-COUNTIF(E37:AH37, "SPL") -> 0 | F37: HDSL | AJ37: =COUNTIF(E37:AI37,"SL") -> 0
A38: PABILLANO, FRANKLIN ROOS C | B38: ='Mar2025 '!B33+1.25- (COUNTIF(E38:AH38, "VL") * 1) - (COUNTIF(E38:AH38, "HDL") * 0.5) -> 20 | C38: ='Mar2025 '!C33-COUNTIF(E38:AH38, "SL")-(COUNTIF(E38:AH38, "HDSL") * 0.5) -> 4 | D38: ='Mar2025 '!D33-COUNTIF(E38:AH38, "SPL") -> 0 | U38: VL | AJ38: =COUNTIF(E38:AI38,"SL") -> 0
A39: PANGAN, CRISTINA MIRANDA | B39: ='Mar2025 '!B34+1.25- (COUNTIF(E39:AH39, "VL") * 1) - (COUNTIF(E39:AH39, "HDL") * 0.5) -> 7.5 | C39: ='Mar2025 '!C34-COUNTIF(E39:AH39, "SL")-(COUNTIF(E39:AH39, "HDSL") * 0.5) -> 4.5 | D39: ='Mar2025 '!D34-COUNTIF(E39:AH39, "SPL") -> 0 | S39: VL | AJ39: =COUNTIF(E39:AI39,"SL") -> 0
A40: PATRIMONIO, RYAN REX | B40: ='Mar2025 '!B35+1.25- (COUNTIF(E40:AH40, "VL") * 1) - (COUNTIF(E40:AH40, "HDL") * 0.5) -> 3 | C40: ='Mar2025 '!C35-COUNTIF(E40:AH40, "SL")-(COUNTIF(E40:AH40, "HDSL") * 0.5) -> 0.5 | D40: ='Mar2025 '!D35-COUNTIF(E40:AH40, "SPL") -> 0 | E40: VL | M40: VL | AJ40: =COUNTIF(E40:AI40,"SL") -> 0
A41: PINEDA, ERIKA SERIOSA | B41: ='Mar2025 '!B36+1.25- (COUNTIF(E41:AH41, "VL") * 1) - (COUNTIF(E41:AH41, "HDL") * 0.5) -> 6.5 | C41: ='Mar2025 '!C36-COUNTIF(E41:AH41, "SL")-(COUNTIF(E41:AH41, "HDSL") * 0.5) -> 3 | D41: ='Mar2025 '!D36-COUNTIF(E41:AH41, "SPL") -> 0 | AA41: VL | AB41: VL | AJ41: =COUNTIF(E41:AI41,"SL") -> 0
A42: PLATERO, MA. CHARISMA | B42: ='Mar2025 '!B37+1.25- (COUNTIF(E42:AH42, "VL") * 1) - (COUNTIF(E42:AH42, "HDL") * 0.5) -> 13.25 | C42: ='Mar2025 '!C37-COUNTIF(E42:AH42, "SL")-(COUNTIF(E42:AH42, "HDSL") * 0.5) -> 7.5 | D42: ='Mar2025 '!D37-COUNTIF(E42:AH42, "SPL") -> 0 | AJ42: =COUNTIF(E42:AI42,"SL") -> 0
A43: RONQUILLO, RHEGENE INGAT | B43: ='Mar2025 '!B38+1.25- (COUNTIF(E43:AH43, "VL") * 1) - (COUNTIF(E43:AH43, "HDL") * 0.5) -> 1 | C43: ='Mar2025 '!C38-COUNTIF(E43:AH43, "SL")-(COUNTIF(E43:AH43, "HDSL") * 0.5) -> 3 | D43: ='Mar2025 '!D38-COUNTIF(E43:AH43, "SPL") -> 0 | S43: VL | T43: VL | U43: VL | AJ43: =COUNTIF(E43:AI43,"SL") -> 0
A44: SAMODIO, JHUNEL CARLO TRAIFALGAR | B44: ='Mar2025 '!B39+1.25- (COUNTIF(E44:AH44, "VL") * 1) - (COUNTIF(E44:AH44, "HDL") * 0.5) -> 19.75 | C44: ='Mar2025 '!C39-COUNTIF(E44:AH44, "SL")-(COUNTIF(E44:AH44, "HDSL") * 0.5) -> 2 | D44: ='Mar2025 '!D39-COUNTIF(E44:AH44, "SPL") -> 0 | Z44: VL | AA44: VL | AB44: VL | AJ44: =COUNTIF(E44:AI44,"SL") -> 0
A45: SORIANO, MARY ANN VALLEJOS | B45: ='Mar2025 '!B40+1.25- (COUNTIF(E45:AH45, "VL") * 1) - (COUNTIF(E45:AH45, "HDL") * 0.5) -> 1.75 | C45: ='Mar2025 '!C40-COUNTIF(E45:AH45, "SL")-(COUNTIF(E45:AH45, "HDSL") * 0.5) -> 4 | D45: ='Mar2025 '!D40-COUNTIF(E45:AH45, "SPL") -> 0 | AJ45: =COUNTIF(E45:AI45,"SL") -> 0
A46: TOLOMIA, RICA JOY VIRAY | B46: ='Mar2025 '!B41+1.25- (COUNTIF(E46:AH46, "VL") * 1) - (COUNTIF(E46:AH46, "HDL") * 0.5) -> 8 | C46: ='Mar2025 '!C41+0.416666666666666-COUNTIF(E46:AH46, "SL")-(COUNTIF(E46:AH46, "HDSL") * 0.5) -> 3.3293333 | D46: ='Mar2025 '!D41-COUNTIF(E46:AH46, "SPL") -> 0 | E46: VL | AJ46: =COUNTIF(E46:AI46,"SL") -> 0
A47: TRINIDAD, JENNIFER M | B47: ='Mar2025 '!B42+1.25- (COUNTIF(E47:AH47, "VL") * 1) - (COUNTIF(E47:AH47, "HDL") * 0.5) -> 2.25 | C47: ='Mar2025 '!C42-COUNTIF(E47:AH47, "SL")-(COUNTIF(E47:AH47, "HDSL") * 0.5) -> 2 | D47: ='Mar2025 '!D42-COUNTIF(E47:AH47, "SPL") -> 0 | S47: VL | T47: VL | AJ47: =COUNTIF(E47:AI47,"SL") -> 0
AJ48: =COUNTIF(E48:AI48,"SL") -> 0
AJ49: =COUNTIF(E49:AI49,"SL") -> 0
AJ50: =COUNTIF(E50:AI50,"SL") -> 0
AJ51: =COUNTIF(E51:AI51,"SL") -> 0
AJ52: =COUNTIF(E52:AI52,"SL") -> 0
AJ53: =COUNTIF(E53:AI53,"SL") -> 0
AJ54: =COUNTIF(E54:AI54,"SL") -> 0
AJ55: =COUNTIF(E55:AI55,"SL") -> 0
AJ56: =COUNTIF(E56:AI56,"SL") -> 0
AJ57: =COUNTIF(E57:AI57,"SL") -> 0
AJ58: =COUNTIF(E58:AI58,"SL") -> 0
AJ59: =COUNTIF(E59:AI59,"SL") -> 0
... AJ63: =COUNTIF(E63:AI63,"SL") -> 0

Sheet May2025 
A1: NAME | B1: VL | C1: SL | D1: SPL | E1: 45413 | F1: 45414 | G1: 45415 | H1: 45416 | I1: 45417 | J1: 45418 | K1: 45419 | L1: 45420 | M1: 45421 | N1: 45422 | O1: 45423 | P1: 45424 | Q1: 45425 | R1: 45426 | S1: 45427 | T1: 45428 | U1: 45429 | V1: 45430 | W1: 45431 | X1: 45432 | Y1: 45433 | Z1: 45434 | AA1: 45435 | AB1: 45436 | AC1: 45437 | AD1: 45438 | AE1: 45439 | AF1: 45440 | AG1: 45441 | AH1: 45442 | AI1: 45443 | AJ1: TOTAL SL
A2: AGAS, JILLIAN LAO | B2: ='Apr2025'!B2+1.25- (COUNTIF(E2:AI2, "VL") * 1) - (COUNTIF(E2:AI2, "HDL") * 0.5) -> 4.25 | C2: ='Apr2025'!C2-COUNTIF(E2:AI2, "SL")-(COUNTIF(E2:AI2, "HDSL") * 0.5) -> 4 | D2: ='Apr2025'!D2-COUNTIF(E2:AI2, "SPL") -> 0 | Y2: Vl | Z2: VL | AJ2: =COUNTIF(E2:AI2,"SL") -> 0
A3: AGUILAR, IAN MYCO | B3: ='Apr2025'!B3+1.25- (COUNTIF(E3:AI3, "VL") * 1) - (COUNTIF(E3:AI3, "HDL") * 0.5) -> 13.25 | C3: ='Apr2025'!C3-COUNTIF(E3:AI3, "SL")-(COUNTIF(E3:AI3, "HDSL") * 0.5) -> 4 | D3: ='Apr2025'!D3-COUNTIF(E3:AI3, "SPL") -> 0 | AJ3: =COUNTIF(E3:AI3,"SL") -> 0
A4: ALIMURONG, JOEL LUSUNG | B4: ='Apr2025'!B4+1.25- (COUNTIF(E4:AI4, "VL") * 1) - (COUNTIF(E4:AI4, "HDL") * 0.5) -> 13 | C4: ='Apr2025'!C4-COUNTIF(E4:AI4, "SL")-(COUNTIF(E4:AI4, "HDSL") * 0.5) -> 0 | D4: ='Apr2025'!D4-COUNTIF(E4:AI4, "SPL") -> 0 | X4: SL | AJ4: =COUNTIF(E4:AI4,"SL") -> 1
A5: ANTONIO, VINCENT KEVIN SANTOS | B5: ='Apr2025'!B5+1.25- (COUNTIF(E5:AI5, "VL") * 1) - (COUNTIF(E5:AI5, "HDL") * 0.5) -> 8.75 | C5: ='Apr2025'!C5-COUNTIF(E5:AI5, "SL")-(COUNTIF(E5:AI5, "HDSL") * 0.5) -> 2.5 | D5: ='Apr2025'!D5-COUNTIF(E5:AI5, "SPL") -> 0 | R5: HDL | AJ5: =COUNTIF(E5:AI5,"SL") -> 0
A6: AUSTRIA, LOUIS FERNAND BALUYOT | B6: ='Apr2025'!B6+1.25- (COUNTIF(E6:AI6, "VL") * 1) - (COUNTIF(E6:AI6, "HDL") * 0.5) -> 5.25 | C6: ='Apr2025'!C6-COUNTIF(E6:AI6, "SL")-(COUNTIF(E6:AI6, "HDSL") * 0.5) -> 4 | D6: ='Apr2025'!D6-COUNTIF(E6:AI6, "SPL") -> 0 | AJ6: =COUNTIF(E6:AI6,"SL") -> 0
A7: BACONGALLO, NIKA NUEVA | B7: ='Apr2025'!B7+1.25- (COUNTIF(E7:AI7, "VL") * 1) - (COUNTIF(E7:AI7, "HDL") * 0.5) -> 5 | C7: ='Apr2025'!C7-COUNTIF(E7:AI7, "SL")-(COUNTIF(E7:AI7, "HDSL") * 0.5) -> 2 | D7: ='Apr2025'!D7-COUNTIF(E7:AI7, "SPL") -> 0 | I7: SL | P7: VL | AJ7: =COUNTIF(E7:AI7,"SL") -> 1
A8: BANSIL, KRISTIAN DAVID | B8: ='Apr2025'!B8+1.25- (COUNTIF(E8:AI8, "VL") * 1) - (COUNTIF(E8:AI8, "HDL") * 0.5) -> 2.75 | C8: ='Apr2025'!C8-COUNTIF(E8:AI8, "SL")-(COUNTIF(E8:AI8, "HDSL") * 0.5) -> 4 | D8: ='Apr2025'!D8-COUNTIF(E8:AI8, "SPL") -> 0 | E8: VL | L8: VL | AJ8: =COUNTIF(E8:AI8,"SL") -> 0
A9: BALDERAS, GLORY ANN GARCIA | B9: ='Apr2025'!B9+1.25- (COUNTIF(E9:AI9, "VL") * 1) - (COUNTIF(E9:AI9, "HDL") * 0.5) -> 4.75 | C9: ='Apr2025'!C9+0.416666666666666-COUNTIF(E9:AI9, "SL")-(COUNTIF(E9:AI9, "HDSL") * 0.5) -> 1.9166667 | D9: ='Apr2025'!D9-COUNTIF(E9:AI9, "SPL") -> 0 | AJ9: =COUNTIF(E9:AI9,"SL") -> 0
A10: BENALLA, RENNECA Villapaña | B10: ='Apr2025'!B10+1.25- (COUNTIF(E10:AI10, "VL") * 1) - (COUNTIF(E10:AI10, "HDL") * 0.5) -> 10.5 | C10: ='Apr2025'!C10-COUNTIF(E10:AI10, "SL")-(COUNTIF(E10:AI10, "HDSL") * 0.5) -> 5 | D10: ='Apr2025'!D10-COUNTIF(E10:AI10, "SPL") -> 0 | AJ10: =COUNTIF(E10:AI10,"SL") -> 0
A11: BONDOC, FRANCIS | B11: ='Apr2025'!B11+1.25- (COUNTIF(E11:AI11, "VL") * 1) - (COUNTIF(E11:AI11, "HDL") * 0.5) -> 8.75 | C11: ='Apr2025'!C11+0.416666666666666-COUNTIF(E11:AI11, "SL")-(COUNTIF(E11:AI11, "HDSL") * 0.5) -> 2.9166667 | AJ11: =COUNTIF(E11:AI11,"SL") -> 0
A12: CAMERINO, YRIS GAELLE PARREÑAS | B12: ='Apr2025'!B12+1.25- (COUNTIF(E12:AI12, "VL") * 1) - (COUNTIF(E12:AI12, "HDL") * 0.5) -> 5.75 | C12: ='Apr2025'!C12-COUNTIF(E12:AI12, "SL")-(COUNTIF(E12:AI12, "HDSL") * 0.5) -> 4 | D12: ='Apr2025'!D12-COUNTIF(E12:AI12, "SPL") -> 0 | AJ12: =COUNTIF(E12:AI12,"SL") -> 0
A13: CAPATI, ALLEN | B13: =7.5- (COUNTIF(E13:AI13, "VL") * 1) - (COUNTIF(E13:AI13, "HDL") * 0.5) -> 7.5 | C13: ='Apr2025'!C11-COUNTIF(E13:AI13, "SL")-(COUNTIF(E13:AI13, "HDSL") * 0.5) -> 2.5 | AJ13: =COUNTIF(E13:AI13,"SL") -> 0
A14: CASTRO, AIZEL SANTOS | B14: ='Apr2025'!B13+1.25- (COUNTIF(E14:AI14, "VL") * 1) - (COUNTIF(E14:AI14, "HDL") * 0.5) -> 15.5 | C14: ='Apr2025'!C13-COUNTIF(E14:AI14, "SL")-(COUNTIF(E14:AI14, "HDSL") * 0.5) -> 0.5 | D14: ='Apr2025'!D13-COUNTIF(E14:AI14, "SPL") -> 2 | E14: SPL | Q14: SPL | AJ14: =COUNTIF(E14:AI14,"SL") -> 0
A15: CASTILLANO, DENVER ORLANDA | B15: ='Apr2025'!B14+1.25- (COUNTIF(E15:AI15, "VL") * 1) - (COUNTIF(E15:AI15, "HDL") * 0.5) -> 7.75 | C15: ='Apr2025'!C14-COUNTIF(E15:AI15, "SL")-(COUNTIF(E15:AI15, "HDSL") * 0.5) -> 5 | D15: ='Apr2025'!D14-COUNTIF(E15:AI15, "SPL") -> 0 | AJ15: =COUNTIF(E15:AI15,"SL") -> 0
A16: CATOLOGO, MARNIE | B16: ='Apr2025'!B15+1.25- (COUNTIF(E16:AI16, "VL") * 1) - (COUNTIF(E16:AI16, "HDL") * 0.5) -> 7.75 | C16: ='Apr2025'!C15-COUNTIF(E16:AI16, "SL")-(COUNTIF(E16:AI16, "HDSL") * 0.5) -> 0 | D16: ='Apr2025'!D15-COUNTIF(E16:AI16, "SPL") -> 0 | H16: VL | O16: VL | AJ16: =COUNTIF(E16:AI16,"SL") -> 0
A17: CELESTE, LOVELAINE GUDOY | B17: ='Apr2025'!B16+1.25- (COUNTIF(E17:AI17, "VL") * 1) - (COUNTIF(E17:AI17, "HDL") * 0.5) -> 8.75 | C17: ='Apr2025'!C16+0.416666666666666-COUNTIF(E17:AI17, "SL")-(COUNTIF(E17:AI17, "HDSL") * 0.5) -> 3.7453333 | D17: ='Apr2025'!D16-COUNTIF(E17:AI17, "SPL") -> 0 | AI17: HDL | AJ17: =COUNTIF(E17:AI17,"SL") -> 0
A18: COLIS, REYMARK BRYAN SILVANO | B18: ='Apr2025'!B17+1.25- (COUNTIF(E18:AI18, "VL") * 1) - (COUNTIF(E18:AI18, "HDL") * 0.5) -> 10.375 | C18: ='Apr2025'!C17-COUNTIF(E18:AI18, "SL")-(COUNTIF(E18:AI18, "HDSL") * 0.5) -> 2 | D18: ='Apr2025'!D17-COUNTIF(E18:AI18, "SPL") -> 0 | T18: SL | AJ18: =COUNTIF(E18:AI18,"SL") -> 1
A19: CRISANTO, ELRITZ T | B19: ='Apr2025'!B18+1.25- (COUNTIF(E19:AI19, "VL") * 1) - (COUNTIF(E19:AI19, "HDL") * 0.5) -> 8.75 | C19: ='Apr2025'!C18-COUNTIF(E19:AI19, "SL")-(COUNTIF(E19:AI19, "HDSL") * 0.5) -> 1 | D19: ='Apr2025'!D18-COUNTIF(E19:AI19, "SPL") -> 0 | P19: HDL | AJ19: =COUNTIF(E19:AI19,"SL") -> 0
A20: DIMLA, JHOSUA | B20: ='Apr2025'!B19+1.25- (COUNTIF(E20:AI20, "VL") * 1) - (COUNTIF(E20:AI20, "HDL") * 0.5) -> 8.75 | C20: ='Apr2025'!C19+0.416666666666666-COUNTIF(E20:AI20, "SL")-(COUNTIF(E20:AI20, "HDSL") * 0.5) -> 1.9166667 | D20: ='Apr2025'!D19-COUNTIF(E20:AI20, "SPL") -> 0 | AJ20: =COUNTIF(E20:AI20,"SL") -> 0
A21: DELA CRUZ, SHAINA DIMAYUGO | B21: ='Apr2025'!B20+1.25- (COUNTIF(E21:AI21, "VL") * 1) - (COUNTIF(E21:AI21, "HDL") * 0.5) -> 2 | C21: ='Apr2025'!C20-COUNTIF(E21:AI21, "SL")-(COUNTIF(E21:AI21, "HDSL") * 0.5) -> 1 | D21: ='Apr2025'!D20-COUNTIF(E21:AI21, "SPL") -> 0 | AJ21: =COUNTIF(E21:AI21,"SL") -> 0
A22: ESTANIO, ANGELICA | B22: =1.25*6- (COUNTIF(E22:AI22, "VL") * 1) - (COUNTIF(E22:AI22, "HDL") * 0.5) -> 7.5 | C22: =0.416666666666666*6-COUNTIF(E22:AI22, "SL")-(COUNTIF(E22:AI22, "HDSL") * 0.5) -> 2.5 | AJ22: =COUNTIF(E22:AI22,"SL") -> 0
A23: FERNANDEZ, FRANCIS EMMANUEL VELOSO | B23: ='Apr2025'!B21+1.25- (COUNTIF(E23:AI23, "VL") * 1) - (COUNTIF(E23:AI23, "HDL") * 0.5) -> 6.5 | C23: ='Apr2025'!C21-COUNTIF(E23:AI23, "SL")-(COUNTIF(E23:AI23, "HDSL") * 0.5) -> 0 | H23: VL | P23: VL | AJ23: =COUNTIF(E23:AI23,"SL") -> 0
A24: GALGO, CEDRICK CRUZ | B24: ='Apr2025'!B22+1.25- (COUNTIF(E24:AI24, "VL") * 1) - (COUNTIF(E24:AI24, "HDL") * 0.5) -> 7.75 | C24: ='Apr2025'!C22-COUNTIF(E24:AI24, "SL")-(COUNTIF(E24:AI24, "HDSL") * 0.5) -> 5 | D24: ='Apr2025'!D21-COUNTIF(E24:AI24, "SPL") -> 0 | P24: VL | Q24: VL | AJ24: =COUNTIF(E24:AI24,"SL") -> 0
A25: GATBONTON, ANALIZA TALOBAN | B25: ='Apr2025'!B23+1.25- (COUNTIF(E25:AI25, "VL") * 1) - (COUNTIF(E25:AI25, "HDL") * 0.5) -> 4.25 | C25: ='Apr2025'!C23-COUNTIF(E25:AI25, "SL")-(COUNTIF(E25:AI25, "HDSL") * 0.5) -> 0.5 | D25: ='Apr2025'!D22-COUNTIF(E25:AI25, "SPL") -> 0 | E25: VL | Q25: SL | AJ25: =COUNTIF(E25:AI25,"SL") -> 1
A26: GATBONTON, BEVERLY TALOBAN | B26: ='Apr2025'!B24+1.25- (COUNTIF(E26:AI26, "VL") * 1) - (COUNTIF(E26:AI26, "HDL") * 0.5) -> 2.5 | C26: ='Apr2025'!C24-COUNTIF(E26:AI26, "SL")-(COUNTIF(E26:AI26, "HDSL") * 0.5) -> 2 | D26: ='Apr2025'!D23-COUNTIF(E26:AI26, "SPL") -> 0 | E26: VL | AA26: HDL | AJ26: =COUNTIF(E26:AI26,"SL") -> 0
A27: GUECO, JOHANA ROSE PEREZ | B27: ='Apr2025'!B25+1.25- (COUNTIF(E27:AI27, "VL") * 1) - (COUNTIF(E27:AI27, "HDL") * 0.5) -> 3.25 | C27: ='Apr2025'!C25-COUNTIF(E27:AI27, "SL")-(COUNTIF(E27:AI27, "HDSL") * 0.5) -> 2 | D27: ='Apr2025'!D25-COUNTIF(E27:AI27, "SPL") -> 4 | P27: SL | AJ27: =COUNTIF(E27:AI27,"SL") -> 1
A28: JABINAL, ADONIS | B28: =1.25*6- (COUNTIF(E28:AI28, "VL") * 1) - (COUNTIF(E28:AI28, "HDL") * 0.5) -> 7.5 | C28: =0.416666666666666*6-COUNTIF(E28:AI28, "SL")-(COUNTIF(E28:AI28, "HDSL") * 0.5) -> 2.5 | AJ28: =COUNTIF(E28:AI28,"SL") -> 0
A29: JOSAFAT, RENALYN | B29: ='Apr2025'!B26+1.25- (COUNTIF(E29:AI29, "VL") * 1) - (COUNTIF(E29:AI29, "HDL") * 0.5) -> 6.75 | C29: ='Apr2025'!C26-COUNTIF(E29:AI29, "SL")-(COUNTIF(E29:AI29, "HDSL") * 0.5) -> 1 | D29: ='Apr2025'!D26-COUNTIF(E29:AI29, "SPL") -> 0 | P29: HDL | AJ29: =COUNTIF(E29:AI29,"SL") -> 0
A30: LOZANO, ALDWIN JOHN | B30: ='Apr2025'!B27+1.25- (COUNTIF(E30:AI30, "VL") * 1) - (COUNTIF(E30:AI30, "HDL") * 0.5) -> 5.75 | C30: ='Apr2025'!C27-COUNTIF(E30:AI30, "SL")-(COUNTIF(E30:AI30, "HDSL") * 0.5) -> 0 | D30: ='Apr2025'!D27-COUNTIF(E30:AI30, "SPL") -> 0 | T30: VL | AJ30: =COUNTIF(E30:AI30,"SL") -> 0
A31: MACAPAGAL, JEEFRY | B31: =1.25*6- (COUNTIF(E31:AI31, "VL") * 1) - (COUNTIF(E31:AI31, "HDL") * 0.5) -> 7.5 | C31: =0.416666666666666*6-COUNTIF(E31:AI31, "SL")-(COUNTIF(E31:AI31, "HDSL") * 0.5) -> 2.5 | AJ31: =COUNTIF(E31:AI31,"SL") -> 0
A32: MACLANG, JULIE ANNE GUINTO | B32: ='Apr2025'!B28+1.25- (COUNTIF(E32:AI32, "VL") * 1) - (COUNTIF(E32:AI32, "HDL") * 0.5) -> 8.75 | C32: ='Apr2025'!C28+0.416666666666666-COUNTIF(E32:AI32, "SL")-(COUNTIF(E32:AI32, "HDSL") * 0.5) -> 2.9166667 | D32: ='Apr2025'!D28-COUNTIF(E32:AI32, "SPL") -> 0 | AJ32: =COUNTIF(E32:AI32,"SL") -> 0
A33: MAKABENTA, ALTHEA | B33: ='Apr2025'!B29+1.25- (COUNTIF(E33:AI33, "VL") * 1) - (COUNTIF(E33:AI33, "HDL") * 0.5) -> 7.75 | C33: ='Apr2025'!C29+0.416666666666666-COUNTIF(E33:AI33, "SL")-(COUNTIF(E33:AI33, "HDSL") * 0.5) -> 0.91666667 | D33: ='Apr2025'!D29-COUNTIF(E33:AI33, "SPL") -> 0 | AD33: SL | AJ33: =COUNTIF(E33:AI33,"SL") -> 1
A34: MALINAO, ROGELIO DELA PENA | B34: ='Apr2025'!B30+1.25- (COUNTIF(E34:AI34, "VL") * 1) - (COUNTIF(E34:AI34, "HDL") * 0.5) -> 9 | C34: ='Apr2025'!C30-COUNTIF(E34:AI34, "SL")-(COUNTIF(E34:AI34, "HDSL") * 0.5) -> 1 | D34: ='Apr2025'!D30-COUNTIF(E34:AI34, "SPL") -> 0 | P34: HDL | Z34: SL | AJ34: =COUNTIF(E34:AI34,"SL") -> 1
A35: MATAGA, EDITH DAVID | B35: ='Apr2025'!B31+1.25- (COUNTIF(E35:AI35, "VL") * 1) - (COUNTIF(E35:AI35, "HDL") * 0.5) -> 2.25 | C35: ='Apr2025'!C31-COUNTIF(E35:AI35, "SL")-(COUNTIF(E35:AI35, "HDSL") * 0.5) -> 0 | D35: ='Apr2025'!D31-COUNTIF(E35:AI35, "SPL") -> 0 | AG35: HDL | AJ35: =COUNTIF(E35:AI35,"SL") -> 0
A36: MAR, CHRISTIAN NIODA | B36: ='Apr2025'!B32+1.25- (COUNTIF(E36:AI36, "VL") * 1) - (COUNTIF(E36:AI36, "HDL") * 0.5) -> 8.75 | C36: ='Apr2025'!C32+0.416666666666666-COUNTIF(E36:AI36, "SL")-(COUNTIF(E36:AI36, "HDSL") * 0.5) -> 2.9166667 | D36: ='Apr2025'!D32-COUNTIF(E36:AI36, "SPL") -> 0 | AJ36: =COUNTIF(E36:AI36,"SL") -> 0
A37: MENDOZA , SEAN JUSTINE F | B37: ='Apr2025'!B33+1.25- (COUNTIF(E37:AI37, "VL") * 1) - (COUNTIF(E37:AI37, "HDL") * 0.5) -> 10.5 | C37: ='Apr2025'!C33-COUNTIF(E37:AI37, "SL")-(COUNTIF(E37:AI37, "HDSL") * 0.5) -> 3 | D37: ='Apr2025'!D33-COUNTIF(E37:AI37, "SPL") -> 0 | P37: VL | Q37: VL | AJ37: =COUNTIF(E37:AI37,"SL") -> 0
A38: MONIS, JOSHWEA | B38: =1.25*6- (COUNTIF(E38:AI38, "VL") * 1) - (COUNTIF(E38:AI38, "HDL") * 0.5) -> 7.5 | C38: =0.416666666666666*6-COUNTIF(E38:AI38, "SL")-(COUNTIF(E38:AI38, "HDSL") * 0.5) -> 2.5 | AJ38: =COUNTIF(E38:AI38,"SL") -> 0
A39: NAVALON, EVANEL CAACBAY | B39: ='Apr2025'!B34+1.25- (COUNTIF(E39:AI39, "VL") * 1) - (COUNTIF(E39:AI39, "HDL") * 0.5) -> 6.25 | C39: ='Apr2025'!C34-COUNTIF(E39:AI39, "SL")-(COUNTIF(E39:AI39, "HDSL") * 0.5) -> 3 | D39: ='Apr2025'!D34-COUNTIF(E39:AI39, "SPL") -> 0 | P39: VL | Q39: VL | AJ39: =COUNTIF(E39:AI39,"SL") -> 0
A40: NUÑEZ, IVY | B40: ='Apr2025'!B35+1.25- (COUNTIF(E40:AI40, "VL") * 1) - (COUNTIF(E40:AI40, "HDL") * 0.5) -> 6.25 | C40: ='Apr2025'!C35+0.416666666666666-COUNTIF(E40:AI40, "SL")-(COUNTIF(E40:AI40, "HDSL") * 0.5) -> 2.746 | D40: ='Apr2025'!D35-COUNTIF(E40:AI40, "SPL") -> 0 | P40: VL | Z40: HDL | AD40: VL | AE40: VL | AJ40: =COUNTIF(E40:AI40,"SL") -> 0
A41: OCAMPO, ALFRED NAGUIT | B41: ='Apr2025'!B36+1.25- (COUNTIF(E41:AI41, "VL") * 1) - (COUNTIF(E41:AI41, "HDL") * 0.5) -> 7.75 | C41: ='Apr2025'!C36-COUNTIF(E41:AI41, "SL")-(COUNTIF(E41:AI41, "HDSL") * 0.5) -> 3 | D41: ='Apr2025'!D36-COUNTIF(E41:AI41, "SPL") -> 0 | P41: VL | AJ41: =COUNTIF(E41:AI41,"SL") -> 0
A42: OTSUKA, SHIGERU CENTINA | B42: ='Apr2025'!B37+1.25- (COUNTIF(E42:AI42, "VL") * 1) - (COUNTIF(E42:AI42, "HDL") * 0.5) -> 4.75 | C42: ='Apr2025'!C37-COUNTIF(E42:AI42, "SL")-(COUNTIF(E42:AI42, "HDSL") * 0.5) -> 1.5 | D42: ='Apr2025'!D37-COUNTIF(E42:AI42, "SPL") -> 0 | X42: SL | AJ42: =COUNTIF(E42:AI42,"SL") -> 1
A43: PABILLANO, FRANKLIN ROOS C | B43: ='Apr2025'!B38+1.25- (COUNTIF(E43:AI43, "VL") * 1) - (COUNTIF(E43:AI43, "HDL") * 0.5) -> 21.25 | C43: ='Apr2025'!C38-COUNTIF(E43:AI43, "SL")-(COUNTIF(E43:AI43, "HDSL") * 0.5) -> 3 | D43: ='Apr2025'!D38-COUNTIF(E43:AI43, "SPL") -> 0 | P43: SL | AJ43: =COUNTIF(E43:AI43,"SL") -> 1
A44: PANGAN, CRISTINA MIRANDA | B44: ='Apr2025'!B39+1.25- (COUNTIF(E44:AI44, "VL") * 1) - (COUNTIF(E44:AI44, "HDL") * 0.5) -> 8.75 | C44: ='Apr2025'!C39-COUNTIF(E44:AI44, "SL")-(COUNTIF(E44:AI44, "HDSL") * 0.5) -> 4.5 | D44: ='Apr2025'!D39-COUNTIF(E44:AI44, "SPL") -> 0 | AJ44: =COUNTIF(E44:AI44,"SL") -> 0
A45: PATRIMONIO, RYAN REX | B45: ='Apr2025'!B40+1.25- (COUNTIF(E45:AI45, "VL") * 1) - (COUNTIF(E45:AI45, "HDL") * 0.5) -> 1.25 | C45: ='Apr2025'!C40-COUNTIF(E45:AI45, "SL")-(COUNTIF(E45:AI45, "HDSL") * 0.5) -> 0.5 | D45: ='Apr2025'!D40-COUNTIF(E45:AI45, "SPL") -> 0 | E45: VL | P45: VL | X45: VL | AJ45: =COUNTIF(E45:AI45,"SL") -> 0
A46: PINEDA, ERIKA SERIOSA | B46: ='Apr2025'!B41+1.25- (COUNTIF(E46:AI46, "VL") * 1) - (COUNTIF(E46:AI46, "HDL") * 0.5) -> 7.25 | C46: ='Apr2025'!C41-COUNTIF(E46:AI46, "SL")-(COUNTIF(E46:AI46, "HDSL") * 0.5) -> 2 | D46: ='Apr2025'!D41-COUNTIF(E46:AI46, "SPL") -> 0 | P46: HDL | W46: SL | AJ46: =COUNTIF(E46:AI46,"SL") -> 1
A47: PLATERO, MA. CHARISMA | B47: ='Apr2025'!B42+1.25- (COUNTIF(E47:AI47, "VL") * 1) - (COUNTIF(E47:AI47, "HDL") * 0.5) -> 14.5 | C47: ='Apr2025'!C42-COUNTIF(E47:AI47, "SL")-(COUNTIF(E47:AI47, "HDSL") * 0.5) -> 7.5 | AJ47: =COUNTIF(E47:AI47,"SL") -> 0
A48: RONQUILLO, RHEGENE INGAT | B48: ='Apr2025'!B43+1.25- (COUNTIF(E48:AI48, "VL") * 1) - (COUNTIF(E48:AI48, "HDL") * 0.5) -> 1.25 | C48: ='Apr2025'!C43-COUNTIF(E48:AI48, "SL")-(COUNTIF(E48:AI48, "HDSL") * 0.5) -> 3 | D48: ='Apr2025'!D43-COUNTIF(E48:AI48, "SPL") -> 0 | AA48: VL | AJ48: =COUNTIF(E48:AI48,"SL") -> 0
A49: SAMODIO, JHUNEL CARLO TRAIFALGAR | B49: ='Apr2025'!B44+1.25- (COUNTIF(E49:AI49, "VL") * 1) - (COUNTIF(E49:AI49, "HDL") * 0.5) -> 20.5 | C49: ='Apr2025'!C44-COUNTIF(E49:AI49, "SL")-(COUNTIF(E49:AI49, "HDSL") * 0.5) -> 2 | D49: ='Apr2025'!D44-COUNTIF(E49:AI49, "SPL") -> 0 | X49: HDL | AJ49: =COUNTIF(E49:AI49,"SL") -> 0
A50: SOLAYAO, JANETH | B50: =1.25*6- (COUNTIF(E50:AI50, "VL") * 1) - (COUNTIF(E50:AI50, "HDL") * 0.5) -> 7.5 | C50: =0.416666666666666*6-COUNTIF(E50:AI50, "SL")-(COUNTIF(E50:AI50, "HDSL") * 0.5) -> 2.5 | AJ50: =COUNTIF(E50:AI50,"SL") -> 0
A51: SORIANO, MARY ANN VALLEJOS | B51: ='Apr2025'!B45+1.25- (COUNTIF(E51:AI51, "VL") * 1) - (COUNTIF(E51:AI51, "HDL") * 0.5) -> 2 | C51: ='Apr2025'!C45-COUNTIF(E51:AI51, "SL")-(COUNTIF(E51:AI51, "HDSL") * 0.5) -> 4 | D51: ='Apr2025'!D45-COUNTIF(E51:AI51, "SPL") -> 0 | E51: VL | AJ51: =COUNTIF(E51:AI51,"SL") -> 0
A52: TOLOMIA, RICA JOY VIRAY | B52: ='Apr2025'!B46+1.25- (COUNTIF(E52:AI52, "VL") * 1) - (COUNTIF(E52:AI52, "HDL") * 0.5) -> 9.25 | C52: ='Apr2025'!C46+0.416666666666666-COUNTIF(E52:AI52, "SL")-(COUNTIF(E52:AI52, "HDSL") * 0.5) -> 3.746 | D52: ='Apr2025'!D46-COUNTIF(E52:AI52, "SPL") -> 0 | AJ52: =COUNTIF(E52:AI52,"SL") -> 0
A53: TRINIDAD, JENNIFER M | B53: ='Apr2025'!B47+1.25- (COUNTIF(E53:AI53, "VL") * 1) - (COUNTIF(E53:AI53, "HDL") * 0.5) -> 3.5 | C53: ='Apr2025'!C47-COUNTIF(E53:AI53, "SL")-(COUNTIF(E53:AI53, "HDSL") * 0.5) -> 2 | D53: ='Apr2025'!D47-COUNTIF(E53:AI53, "SPL") -> 0 | AJ53: =COUNTIF(E53:AI53,"SL") -> 0
AJ54: =COUNTIF(E54:AI54,"SL") -> 0
AJ55: =COUNTIF(E55:AI55,"SL") -> 0
AJ56: =COUNTIF(E56:AI56,"SL") -> 0
AJ57: =COUNTIF(E57:AI57,"SL") -> 0
AJ58: =COUNTIF(E58:AI58,"SL") -> 0
AJ59: =COUNTIF(E59:AI59,"SL") -> 0
AJ60: =COUNTIF(E60:AI60,"SL") -> 0
AJ61: =COUNTIF(E61:AI61,"SL") -> 0
AJ62: =COUNTIF(E62:AI62,"SL") -> 0
AJ63: =COUNTIF(E63:AI63,"SL") -> 0

Sheet Jun2025 
A1: NAME | B1: VL | C1: SL | D1: SPL | E1: 45444 | F1: 45445 | G1: 45446 | H1: 45447 | I1: 45448 | J1: 45449 | K1: 45450 | L1: 45451 | M1: 45452 | N1: 45453 | O1: 45454 | P1: 45455 | Q1: 45456 | R1: 45457 | S1: 45458 | T1: 45459 | U1: 45460 | V1: 45461 | W1: 45462 | X1: 45463 | Y1: 45464 | Z1: 45465 | AA1: 45466 | AB1: 45467 | AC1: 45468 | AD1: 45469 | AE1: 45470 | AF1: 45471 | AG1: 45472 | AH1: 45473 | AJ1: Total SL
A2: AGAS, JILLIAN LAO | B2: ='May2025 '!B2+1.25- (COUNTIF(E2:AH2, "VL") * 1) - (COUNTIF(E2:AH2, "HDL") * 0.5) -> 5.5 | C2: ='May2025 '!C2-COUNTIF(E2:AH2, "SL")-(COUNTIF(E2:AH2, "HDSL") * 0.5) -> 1 | D2: ='May2025 '!D2-COUNTIF(E2:AH2, "SPL") -> 0 | AD2: SL | AE2: SL | AF2: SL | AJ2: =COUNTIF(E2:AI2,"SL") -> 3
A3: AGUILAR, IAN MYCO | B3: ='May2025 '!B3+1.25- (COUNTIF(E3:AH3, "VL") * 1) - (COUNTIF(E3:AH3, "HDL") * 0.5) -> 14.5 | C3: ='May2025 '!C3-COUNTIF(E3:AH3, "SL")-(COUNTIF(E3:AH3, "HDSL") * 0.5) -> 3 | D3: ='May2025 '!D3-COUNTIF(E3:AH3, "SPL") -> 0 | AD3: SL | AJ3: =COUNTIF(E3:AI3,"SL") -> 1
A4: ALIMURONG, JOEL LUSUNG | B4: ='May2025 '!B4+1.25- (COUNTIF(E4:AH4, "VL") * 1) - (COUNTIF(E4:AH4, "HDL") * 0.5) -> 14.25 | C4: ='May2025 '!C4-COUNTIF(E4:AH4, "SL")-(COUNTIF(E4:AH4, "HDSL") * 0.5) -> 0 | D4: ='May2025 '!D4-COUNTIF(E4:AH4, "SPL") -> 0 | AJ4: =COUNTIF(E4:AI4,"SL") -> 0
A5: ANTONIO, VINCENT KEVIN SANTOS | B5: ='May2025 '!B5+1.25- (COUNTIF(E5:AH5, "VL") * 1) - (COUNTIF(E5:AH5, "HDL") * 0.5) -> 10 | C5: ='May2025 '!C5-COUNTIF(E5:AH5, "SL")-(COUNTIF(E5:AH5, "HDSL") * 0.5) -> 1.5 | D5: ='May2025 '!D5-COUNTIF(E5:AH5, "SPL") -> 0 | N5: SL | AJ5: =COUNTIF(E5:AI5,"SL") -> 1
A6: AUSTRIA, LOUIS FERNAND BALUYOT | B6: ='May2025 '!B6+1.25- (COUNTIF(E6:AH6, "VL") * 1) - (COUNTIF(E6:AH6, "HDL") * 0.5) -> 6.5 | C6: ='May2025 '!C6-COUNTIF(E6:AH6, "SL")-(COUNTIF(E6:AH6, "HDSL") * 0.5) -> 4 | D6: ='May2025 '!D6-COUNTIF(E6:AH6, "SPL") -> 0 | AJ6: =COUNTIF(E6:AI6,"SL") -> 0
A7: BACONGALLO, NIKA NUEVA | B7: ='May2025 '!B7+1.25- (COUNTIF(E7:AH7, "VL") * 1) - (COUNTIF(E7:AH7, "HDL") * 0.5) -> 6.25 | C7: ='May2025 '!C7-COUNTIF(E7:AH7, "SL")-(COUNTIF(E7:AH7, "HDSL") * 0.5) -> 1 | D7: ='May2025 '!D7-COUNTIF(E7:AH7, "SPL") -> 0 | W7: SL | AJ7: =COUNTIF(E7:AI7,"SL") -> 1
A8: BANSIL, KRISTIAN DAVID | B8: ='May2025 '!B8+1.25- (COUNTIF(E8:AH8, "VL") * 1) - (COUNTIF(E8:AH8, "HDL") * 0.5) -> 4 | C8: ='May2025 '!C8-COUNTIF(E8:AH8, "SL")-(COUNTIF(E8:AH8, "HDSL") * 0.5) -> 4 | D8: ='May2025 '!D8-COUNTIF(E8:AH8, "SPL") -> 0 | AJ8: =COUNTIF(E8:AI8,"SL") -> 0
A9: BALDERAS, GLORY ANN GARCIA | B9: ='May2025 '!B9+1.25- (COUNTIF(E9:AH9, "VL") * 1) - (COUNTIF(E9:AH9, "HDL") * 0.5) -> 0 | C9: ='May2025 '!C9-COUNTIF(E9:AH9, "SL")-(COUNTIF(E9:AH9, "HDSL") * 0.5) -> 1.9166667 | D9: ='May2025 '!D9-COUNTIF(E9:AH9, "SPL") -> 0 | AA9: VL | AB9: VL | AC9: VL | AD9: VL | AE9: VL | AH9: VL | AJ9: =COUNTIF(E9:AI9,"SL") -> 0
A10: BENALLA, RENNECA Villapaña | B10: ='May2025 '!B10+1.25- (COUNTIF(E10:AH10, "VL") * 1) - (COUNTIF(E10:AH10, "HDL") * 0.5) -> 10.75 | C10: ='May2025 '!C10-COUNTIF(E10:AH10, "SL")-(COUNTIF(E10:AH10, "HDSL") * 0.5) -> 5 | D10: ='May2025 '!D10-COUNTIF(E10:AH10, "SPL") -> 0 | AE10: VL | AJ10: =COUNTIF(E10:AI10,"SL") -> 0
A11: BONDOC, FRANCIS EUGENE AGUHAYON | B11: ='May2025 '!B11+1.25- (COUNTIF(E11:AH11, "VL") * 1) - (COUNTIF(E11:AH11, "HDL") * 0.5) -> 10 | C11: ='May2025 '!C11+0.416666666666666-COUNTIF(E11:AH11, "SL")-(COUNTIF(E11:AH11, "HDSL") * 0.5) -> 2.3333333 | D11: ='May2025 '!D12-COUNTIF(E11:AH11, "SPL") -> 0 | V11: SL | AJ11: =COUNTIF(E11:AI11,"SL") -> 1
A12: CAMERINO, YRIS GAELLE PARREÑAS | B12: ='May2025 '!B12+1.25- (COUNTIF(E12:AH12, "VL") * 1) - (COUNTIF(E12:AH12, "HDL") * 0.5) -> 4 | C12: ='May2025 '!C12-COUNTIF(E12:AH12, "SL")-(COUNTIF(E12:AH12, "HDSL") * 0.5) -> 4 | D12: ='May2025 '!D12-COUNTIF(E12:AH12, "SPL") -> 0 | AB12: VL | AC12: VL | AD12: VL | AJ12: =COUNTIF(E12:AI12,"SL") -> 0
A13: CAPATI, ALLEN SOBREPENA | B13: ='May2025 '!B13+1.25- (COUNTIF(E13:AH13, "VL") * 1) - (COUNTIF(E13:AH13, "HDL") * 0.5) -> 8.75 | C13: ='May2025 '!C13+0.416-COUNTIF(E13:AH13, "SL")-(COUNTIF(E13:AH13, "HDSL") * 0.5) -> 1.916 | D13: ='May2025 '!D15-COUNTIF(E13:AH13, "SPL") -> 0 | AB13: SL | AJ13: =COUNTIF(E13:AI13,"SL") -> 1
A14: CASTRO, AIZEL SANTOS | B14: ='May2025 '!B14+1.25- (COUNTIF(E14:AH14, "VL") * 1) - (COUNTIF(E14:AH14, "HDL") * 0.5) -> 13.75 | C14: ='May2025 '!C14-COUNTIF(E14:AH14, "SL")-(COUNTIF(E14:AH14, "HDSL") * 0.5) -> 0.5 | D14: ='May2025 '!D14-COUNTIF(E14:AH14, "SPL") -> 0 | H14: SPL | N14: SPL | V14: VL | AA14: VL | AB14: VL | AJ14: =COUNTIF(E14:AI14,"SL") -> 0
A15: CASTILLANO, DENVER ORLANDA | B15: ='May2025 '!B15+1.25- (COUNTIF(E15:AH15, "VL") * 1) - (COUNTIF(E15:AH15, "HDL") * 0.5) -> 9 | C15: ='May2025 '!C15-COUNTIF(E15:AH15, "SL")-(COUNTIF(E15:AH15, "HDSL") * 0.5) -> 5 | D15: ='May2025 '!D17-COUNTIF(E15:AH15, "SPL") -> 0 | AJ15: =COUNTIF(E15:AI15,"SL") -> 0
A16: CATOLOGO, MARNIE | B16: ='May2025 '!B16+1.25- (COUNTIF(E16:AH16, "VL") * 1) - (COUNTIF(E16:AH16, "HDL") * 0.5) -> 5 | C16: ='May2025 '!C16-COUNTIF(E16:AH16, "SL")-(COUNTIF(E16:AH16, "HDSL") * 0.5) -> 0 | D16: ='May2025 '!D18-COUNTIF(E16:AH16, "SPL") -> 0 | H16: VL | N16: VL | Z16: VL | AA16: VL | AJ16: =COUNTIF(E16:AI16,"SL") -> 0
A17: CELESTE, LOVELAINE GUDOY | B17: ='May2025 '!B17+1.25- (COUNTIF(E17:AH17, "VL") * 1) - (COUNTIF(E17:AH17, "HDL") * 0.5) -> 9 | C17: ='May2025 '!C17+0.416666666666666-COUNTIF(E17:AH17, "SL")-(COUNTIF(E17:AH17, "HDSL") * 0.5) -> 3.162 | D17: ='May2025 '!D19-COUNTIF(E17:AH17, "SPL") -> 0 | K17: VL | U17: SL | AJ17: =COUNTIF(E17:AI17,"SL") -> 1
A18: COLIS, REYMARK BRYAN SILVANO | B18: ='May2025 '!B18+1.25- (COUNTIF(E18:AH18, "VL") * 1) - (COUNTIF(E18:AH18, "HDL") * 0.5) -> 10.625 | C18: ='May2025 '!C18-COUNTIF(E18:AH18, "SL")-(COUNTIF(E18:AH18, "HDSL") * 0.5) -> 2 | D18: ='May2025 '!D20-COUNTIF(E18:AH18, "SPL") -> 0 | AA18: VL | AJ18: =COUNTIF(E18:AI18,"SL") -> 0
A19: CRISANTO, ELRITZ T | B19: ='May2025 '!B19+1.25- (COUNTIF(E19:AH19, "VL") * 1) - (COUNTIF(E19:AH19, "HDL") * 0.5) -> 6.5 | C19: ='May2025 '!C19-COUNTIF(E19:AH19, "SL")-(COUNTIF(E19:AH19, "HDSL") * 0.5) -> 0 | D19: ='May2025 '!D21-COUNTIF(E19:AH19, "SPL") -> 0 | I19: VL | N19: VL | O19: VL | AB19: HDL | AC19: SL | AJ19: =COUNTIF(E19:AI19,"SL") -> 1
A20: DIMLA, JHOSUA | B20: ='May2025 '!B20+1.25- (COUNTIF(E20:AH20, "VL") * 1) - (COUNTIF(E20:AH20, "HDL") * 0.5) -> 10 | C20: ='May2025 '!C20+0.416666666666666-COUNTIF(E20:AH20, "SL")-(COUNTIF(E20:AH20, "HDSL") * 0.5) -> 2.3333333 | D20: ='May2025 '!D22-COUNTIF(E20:AH20, "SPL") -> 0 | AJ20: =COUNTIF(E20:AI20,"SL") -> 0
A21: DELA CRUZ, SHAINA DIMAYUGO | B21: ='May2025 '!B21+1.25- (COUNTIF(E21:AH21, "VL") * 1) - (COUNTIF(E21:AH21, "HDL") * 0.5) -> 3.25 | C21: ='May2025 '!C21-COUNTIF(E21:AH21, "SL")-(COUNTIF(E21:AH21, "HDSL") * 0.5) -> 1 | D21: ='May2025 '!D23-COUNTIF(E21:AH21, "SPL") -> 0 | AJ21: =COUNTIF(E21:AI21,"SL") -> 0
A22: ESTANIO, ANGELICA ROSARIO | B22: ='May2025 '!B22+1.25- (COUNTIF(E22:AH22, "VL") * 1) - (COUNTIF(E22:AH22, "HDL") * 0.5) -> 8.75 | C22: ='May2025 '!C22+0.416-COUNTIF(E22:AH22, "SL")-(COUNTIF(E22:AH22, "HDSL") * 0.5) -> 2.916 | D22: ='May2025 '!D24-COUNTIF(E22:AH22, "SPL") -> 0 | AJ22: =COUNTIF(E22:AI22,"SL") -> 0
A23: FERNANDEZ, FRANCIS EMMANUEL VELOSO | B23: ='May2025 '!B23+1.25- (COUNTIF(E23:AH23, "VL") * 1) - (COUNTIF(E23:AH23, "HDL") * 0.5) -> 2.75 | C23: ='May2025 '!C23-COUNTIF(E23:AH23, "SL")-(COUNTIF(E23:AH23, "HDSL") * 0.5) -> 0 | D23: ='May2025 '!D26-COUNTIF(E23:AH23, "SPL") -> 0 | G23: VL | H23: VL | Z23: VL | AA23: VL | AH23: VL | AJ23: =COUNTIF(E23:AI23,"SL") -> 0
A24: GALGO, CEDRICK CRUZ | B24: ='May2025 '!B24+1.25- (COUNTIF(E24:AH24, "VL") * 1) - (COUNTIF(E24:AH24, "HDL") * 0.5) -> 5.5 | C24: ='May2025 '!C24-COUNTIF(E24:AH24, "SL")-(COUNTIF(E24:AH24, "HDSL") * 0.5) -> 5 | D24: ='May2025 '!D27-COUNTIF(E24:AH24, "SPL") -> 4 | T24: VL | X24: VL | AC24: VL | AE24: HDL | AJ24: =COUNTIF(E24:AI24,"SL") -> 0
A25: GATBONTON, ANALIZA TALOBAN | B25: ='May2025 '!B25+1.25- (COUNTIF(E25:AH25, "VL") * 1) - (COUNTIF(E25:AH25, "HDL") * 0.5) -> 0.5 | C25: ='May2025 '!C25-COUNTIF(E25:AH25, "SL")-(COUNTIF(E25:AH25, "HDSL") * 0.5) -> 0.5 | D25: 0 | W25: VL | AA25: VL | AB25: VL | AC25: VL | AD25: VL | AJ25: =COUNTIF(E25:AI25,"SL") -> 0
A26: GATBONTON, BEVERLY TALOBAN | B26: ='May2025 '!B26+1.25- (COUNTIF(E26:AH26, "VL") * 1) - (COUNTIF(E26:AH26, "HDL") * 0.5) -> 3.25 | C26: ='May2025 '!C26-COUNTIF(E26:AH26, "SL")-(COUNTIF(E26:AH26, "HDSL") * 0.5) -> 2 | D26: ='May2025 '!D30-COUNTIF(E26:AH26, "SPL") -> 0 | P26: HDL | AJ26: =COUNTIF(E26:AI26,"SL") -> 0
A27: GUECO, JOHANA ROSE PEREZ | B27: ='May2025 '!B27+1.25- (COUNTIF(E27:AH27, "VL") * 1) - (COUNTIF(E27:AH27, "HDL") * 0.5) -> 4.5 | C27: ='May2025 '!C27-COUNTIF(E27:AH27, "SL")-(COUNTIF(E27:AH27, "HDSL") * 0.5) -> 2 | D27: ='May2025 '!D27-COUNTIF(E27:AH27, "SPL") -> 4 | AJ27: =COUNTIF(E27:AI27,"SL") -> 0
A28: JABINAL, ADONIS DEL MUNDO | B28: ='May2025 '!B28+1.25- (COUNTIF(E28:AH28, "VL") * 1) - (COUNTIF(E28:AH28, "HDL") * 0.5) -> 8.75 | C28: ='May2025 '!C28+0.416666666666666-COUNTIF(E28:AH28, "SL")-(COUNTIF(E28:AH28, "HDSL") * 0.5) -> 2.9166667 | D28: ='May2025 '!D33-COUNTIF(E28:AH28, "SPL") -> 0 | AJ28: =COUNTIF(E28:AI28,"SL") -> 0
A29: JOSAFAT, RENALYN | B29: ='May2025 '!B29+1.25- (COUNTIF(E29:AH29, "VL") * 1) - (COUNTIF(E29:AH29, "HDL") * 0.5) -> 7 | C29: ='May2025 '!C29-COUNTIF(E29:AH29, "SL")-(COUNTIF(E29:AH29, "HDSL") * 0.5) -> 1 | D29: ='May2025 '!D29-COUNTIF(E29:AH29, "SPL") -> 0 | AH29: VL | AJ29: =COUNTIF(E29:AI29,"SL") -> 0
A30: LOZANO, ALDWIN JOHN | B30: ='May2025 '!B30+1.25- (COUNTIF(E30:AH30, "VL") * 1) - (COUNTIF(E30:AH30, "HDL") * 0.5) -> 6 | C30: ='May2025 '!C30-COUNTIF(E30:AH30, "SL")-(COUNTIF(E30:AH30, "HDSL") * 0.5) -> 0 | D30: ='May2025 '!D30-COUNTIF(E30:AH30, "SPL") -> 0 | AH30: VL | AJ30: =COUNTIF(E30:AI30,"SL") -> 0
A31: MACAPAGAL, JEFFRY TUAZON | B31: ='May2025 '!B31+1.25- (COUNTIF(E31:AH31, "VL") * 1) - (COUNTIF(E31:AH31, "HDL") * 0.5) -> 8.75 | C31: ='May2025 '!C31+0.416666666666666-COUNTIF(E31:AH31, "SL")-(COUNTIF(E31:AH31, "HDSL") * 0.5) -> 2.9166667 | D31: ='May2025 '!D36-COUNTIF(E31:AH31, "SPL") -> 0 | AJ31: =COUNTIF(E31:AI31,"SL") -> 0
A32: MACLANG, JULIE ANNE GUINTO | B32: ='May2025 '!B32+1.25- (COUNTIF(E32:AH32, "VL") * 1) - (COUNTIF(E32:AH32, "HDL") * 0.5) -> 10 | C32: ='May2025 '!C32+0.416666666666666-COUNTIF(E32:AH32, "SL")-(COUNTIF(E32:AH32, "HDSL") * 0.5) -> 3.3333333 | D32: ='May2025 '!D37-COUNTIF(E32:AH32, "SPL") -> 0 | AJ32: =COUNTIF(E32:AI32,"SL") -> 0
A33: MAKABENTA, ALTHEA | B33: ='May2025 '!B33+1.25- (COUNTIF(E33:AH33, "VL") * 1) - (COUNTIF(E33:AH33, "HDL") * 0.5) -> 8 | C33: ='May2025 '!C33+0.416666666666666-COUNTIF(E33:AH33, "SL")-(COUNTIF(E33:AH33, "HDSL") * 0.5) -> 1.3333333 | D33: ='May2025 '!D33-COUNTIF(E33:AH33, "SPL") -> 0 | AC33: VL | AJ33: =COUNTIF(E33:AI33,"SL") -> 0
A34: MALINAO, ROGELIO DELA PENA | B34: ='May2025 '!B34+1.25- (COUNTIF(E34:AH34, "VL") * 1) - (COUNTIF(E34:AH34, "HDL") * 0.5) -> 8.25 | C34: ='May2025 '!C34-COUNTIF(E34:AH34, "SL")-(COUNTIF(E34:AH34, "HDSL") * 0.5) -> 1 | D34: ='May2025 '!D39-COUNTIF(E34:AH34, "SPL") -> 0 | I34: VL | O34: VL | AJ34: =COUNTIF(E34:AI34,"SL") -> 0
A35: MATAGA, EDITH DAVID | B35: ='May2025 '!B35+1.25- (COUNTIF(E35:AH35, "VL") * 1) - (COUNTIF(E35:AH35, "HDL") * 0.5) -> 1.5 | C35: ='May2025 '!C35-COUNTIF(E35:AH35, "SL")-(COUNTIF(E35:AH35, "HDSL") * 0.5) -> 0 | D35: ='May2025 '!D40-COUNTIF(E35:AH35, "SPL") -> 0 | N35: VL | V35: HDL | AH35: HDL | AJ35: =COUNTIF(E35:AI35,"SL") -> 0
A36: MAR, CHRISTIAN NIODA | B36: ='May2025 '!B36+1.25- (COUNTIF(E36:AH36, "VL") * 1) - (COUNTIF(E36:AH36, "HDL") * 0.5) -> 9 | C36: ='May2025 '!C36+0.416666666666666-COUNTIF(E36:AH36, "SL")-(COUNTIF(E36:AH36, "HDSL") * 0.5) -> 3.3333333 | D36: ='May2025 '!D41-COUNTIF(E36:AH36, "SPL") -> 0 | N36: VL | AJ36: =COUNTIF(E36:AI36,"SL") -> 0
A37: MENDOZA , SEAN JUSTINE F | B37: ='May2025 '!B37+1.25- (COUNTIF(E37:AH37, "VL") * 1) - (COUNTIF(E37:AH37, "HDL") * 0.5) -> 10.75 | C37: ='May2025 '!C37-COUNTIF(E37:AH37, "SL")-(COUNTIF(E37:AH37, "HDSL") * 0.5) -> 3 | D37: ='May2025 '!D42-COUNTIF(E37:AH37, "SPL") -> 0 | U37: BL | V37: BL | W37: BL | X37: VL | AJ37: =COUNTIF(E37:AI37,"SL") -> 0
A38: MONIS, JOSHWEA MERCADO | B38: ='May2025 '!B38+1.25- (COUNTIF(E38:AH38, "VL") * 1) - (COUNTIF(E38:AH38, "HDL") * 0.5) -> 8.75 | C38: ='May2025 '!C38+0.416666666666666-COUNTIF(E38:AH38, "SL")-(COUNTIF(E38:AH38, "HDSL") * 0.5) -> 1.9166667 | D38: ='May2025 '!D43-COUNTIF(E38:AH38, "SPL") -> 0 | AE38: SL | AJ38: =COUNTIF(E38:AI38,"SL") -> 1
A39: NAVALON, EVANEL CAACBAY | B39: ='May2025 '!B39+1.25- (COUNTIF(E39:AH39, "VL") * 1) - (COUNTIF(E39:AH39, "HDL") * 0.5) -> 7.5 | C39: ='May2025 '!C39-COUNTIF(E39:AH39, "SL")-(COUNTIF(E39:AH39, "HDSL") * 0.5) -> 3 | D39: ='May2025 '!D45-COUNTIF(E39:AH39, "SPL") -> 0 | AJ39: =COUNTIF(E39:AI39,"SL") -> 0
A40: NUÑEZ, IVY | B40: ='May2025 '!B40+1.25- (COUNTIF(E40:AH40, "VL") * 1) - (COUNTIF(E40:AH40, "HDL") * 0.5) -> 6.5 | C40: ='May2025 '!C40+0.416666666666666-COUNTIF(E40:AH40, "SL")-(COUNTIF(E40:AH40, "HDSL") * 0.5) -> 3.1626667 | D40: ='May2025 '!D46-COUNTIF(E40:AH40, "SPL") -> 0 | Q40: VL | AJ40: =COUNTIF(E40:AI40,"SL") -> 0
A41: OCAMPO, ALFRED NAGUIT | B41: ='May2025 '!B41+1.25- (COUNTIF(E41:AH41, "VL") * 1) - (COUNTIF(E41:AH41, "HDL") * 0.5) -> 9 | C41: ='May2025 '!C41-COUNTIF(E41:AH41, "SL")-(COUNTIF(E41:AH41, "HDSL") * 0.5) -> 3 | D41: ='May2025 '!D48-COUNTIF(E41:AH41, "SPL") -> 0 | AJ41: =COUNTIF(E41:AI41,"SL") -> 0
A42: OTSUKA, SHIGERU CENTINA | B42: ='May2025 '!B42+1.25- (COUNTIF(E42:AH42, "VL") * 1) - (COUNTIF(E42:AH42, "HDL") * 0.5) -> 6 | C42: ='May2025 '!C42-COUNTIF(E42:AH42, "SL")-(COUNTIF(E42:AH42, "HDSL") * 0.5) -> 0.5 | D42: ='May2025 '!D49-COUNTIF(E42:AH42, "SPL") -> 0 | F42: SL | AJ42: =COUNTIF(E42:AI42,"SL") -> 1
A43: PABILLANO, FRANKLIN ROOS C | B43: ='May2025 '!B43+1.25- (COUNTIF(E43:AH43, "VL") * 1) - (COUNTIF(E43:AH43, "HDL") * 0.5) -> 21.5 | C43: ='May2025 '!C43-COUNTIF(E43:AH43, "SL")-(COUNTIF(E43:AH43, "HDSL") * 0.5) -> 2 | D43: ='May2025 '!D51-COUNTIF(E43:AH43, "SPL") -> 0 | I43: VL | W43: SL | AJ43: =COUNTIF(E43:AI43,"SL") -> 1
A44: PANGAN, CRISTINA MIRANDA | B44: ='May2025 '!B44+1.25- (COUNTIF(E44:AH44, "VL") * 1) - (COUNTIF(E44:AH44, "HDL") * 0.5) -> 10 | C44: ='May2025 '!C44-COUNTIF(E44:AH44, "SL")-(COUNTIF(E44:AH44, "HDSL") * 0.5) -> 4.5 | D44: ='May2025 '!D52-COUNTIF(E44:AH44, "SPL") -> 0 | AJ44: =COUNTIF(E44:AI44,"SL") -> 0
A45: PATRIMONIO, RYAN REX | B45: ='May2025 '!B45+1.25- (COUNTIF(E45:AH45, "VL") * 1) - (COUNTIF(E45:AH45, "HDL") * 0.5) -> 1.5 | C45: ='May2025 '!C45-COUNTIF(E45:AH45, "SL")-(COUNTIF(E45:AH45, "HDSL") * 0.5) -> 0.5 | D45: ='May2025 '!D53-COUNTIF(E45:AH45, "SPL") -> 0 | AH45: VL | AJ45: =COUNTIF(E45:AI45,"SL") -> 0
A46: PINEDA, ERIKA SERIOSA | B46: ='May2025 '!B46+1.25- (COUNTIF(E46:AH46, "VL") * 1) - (COUNTIF(E46:AH46, "HDL") * 0.5) -> 8.5 | C46: ='May2025 '!C46-COUNTIF(E46:AH46, "SL")-(COUNTIF(E46:AH46, "HDSL") * 0.5) -> 2 | D46: ='May2025 '!D54-COUNTIF(E46:AH46, "SPL") -> 0 | AJ46: =COUNTIF(E46:AI46,"SL") -> 0
A47: PLATERO, MA. CHARISMA | B47: ='May2025 '!B47+1.25- (COUNTIF(E47:AH47, "VL") * 1) - (COUNTIF(E47:AH47, "HDL") * 0.5) -> 15.25 | C47: ='May2025 '!C47-COUNTIF(E47:AH47, "SL")-(COUNTIF(E47:AH47, "HDSL") * 0.5) -> 7.5 | D47: ='May2025 '!D55-COUNTIF(E47:AH47, "SPL") -> 0 | Q47: HDL | AJ47: =COUNTIF(E47:AI47,"SL") -> 0
A48: RONQUILLO, RHEGENE INGAT | B48: ='May2025 '!B48+1.25- (COUNTIF(E48:AH48, "VL") * 1) - (COUNTIF(E48:AH48, "HDL") * 0.5) -> 1.5 | C48: ='May2025 '!C48-COUNTIF(E48:AH48, "SL")-(COUNTIF(E48:AH48, "HDSL") * 0.5) -> 3 | D48: ='May2025 '!D56-COUNTIF(E48:AH48, "SPL") -> 0 | R48: VL | AJ48: =COUNTIF(E48:AI48,"SL") -> 0
A49: SAMODIO, JHUNEL CARLO TRAIFALGAR | B49: ='May2025 '!B49+1.25- (COUNTIF(E42:AH42, "VL") * 1) - (COUNTIF(E42:AH42, "HDL") * 0.5) -> 21.75 | C49: ='May2025 '!C49-COUNTIF(E49:AH49, "SL")-(COUNTIF(E49:AH49, "HDSL") * 0.5) -> 2 | D49: ='May2025 '!D57-COUNTIF(E49:AH49, "SPL") -> 0 | AJ49: =COUNTIF(E49:AI49,"SL") -> 0
A50: SOLAYAO, JANETH SEDON | B50: ='May2025 '!B50+1.25- (COUNTIF(E50:AH50, "VL") * 1) - (COUNTIF(E50:AH50, "HDL") * 0.5) -> 8.75 | C50: ='May2025 '!C50+0.416666666666666-COUNTIF(E50:AH50, "SL")-(COUNTIF(E50:AH50, "HDSL") * 0.5) -> 1.9166667 | D50: ='May2025 '!D59-COUNTIF(E50:AH50, "SPL") -> 0 | W50: SL | AJ50: =COUNTIF(E50:AI50,"SL") -> 1
A51: SORIANO, MARY ANN VALLEJOS | B51: ='May2025 '!B51+1.25- (COUNTIF(E51:AH51, "VL") * 1) - (COUNTIF(E51:AH51, "HDL") * 0.5) -> 2.75 | C51: ='May2025 '!C51-COUNTIF(E51:AH51, "SL")-(COUNTIF(E51:AH51, "HDSL") * 0.5) -> 0 | D51: ='May2025 '!D60-COUNTIF(E51:AH51, "SPL") -> 0 | W51: SL | X51: SL | Y51: SL | Z51: SL | AE51: HDL | AJ51: =COUNTIF(E51:AI51,"SL") -> 4
A52: TOLOMIA, RICA JOY VIRAY | B52: ='May2025 '!B52+1.25- (COUNTIF(E52:AH52, "VL") * 1) - (COUNTIF(E52:AH52, "HDL") * 0.5) -> 10.5 | C52: ='May2025 '!C52+0.416666666666666-COUNTIF(E52:AH52, "SL")-(COUNTIF(E52:AH52, "HDSL") * 0.5) -> 4.1626667 | D52: ='May2025 '!D61-COUNTIF(E52:AH52, "SPL") -> 0 | AJ52: =COUNTIF(E52:AI52,"SL") -> 0
A53: TRINIDAD, JENNIFER M | B53: ='May2025 '!B53+1.25- (COUNTIF(E53:AH53, "VL") * 1) - (COUNTIF(E53:AH53, "HDL") * 0.5) -> 3.75 | C53: ='May2025 '!C53-COUNTIF(E53:AH53, "SL")-(COUNTIF(E53:AH53, "HDSL") * 0.5) -> 2 | D53: ='May2025 '!D62-COUNTIF(E53:AH53, "SPL") -> 0 | N53: VL | AJ53: =COUNTIF(E53:AI53,"SL") -> 0
AJ54: =COUNTIF(E54:AI54,"SL") -> 0
AJ55: =COUNTIF(E55:AI55,"SL") -> 0
AJ56: =COUNTIF(E56:AI56,"SL") -> 0
AJ57: =COUNTIF(E57:AI57,"SL") -> 0
AJ58: =COUNTIF(E58:AI58,"SL") -> 0
AJ59: =COUNTIF(E59:AI59,"SL") -> 0
AJ60: =COUNTIF(E60:AI60,"SL") -> 0
AJ61: =COUNTIF(E61:AI61,"SL") -> 0
AJ62: =COUNTIF(E62:AI62,"SL") -> 0
AJ63: =COUNTIF(E63:AI63,"SL") -> 0

Sheet Jul2025
A1: NAME | B1: VL | C1: SL | D1: SPL | E1: 45839 | F1: 45840 | G1: 45841 | H1: 45842 | I1: 45843 | J1: 45844 | K1: 45845 | L1: 45846 | M1: 45847 | N1: 45848 | O1: 45849 | P1: 45850 | Q1: 45851 | R1: 45852 | S1: 45853 | T1: 45854 | U1: 45855 | V1: 45856 | W1: 45857 | X1: 45858 | Y1: 45859 | Z1: 45860 | AA1: 45861 | AB1: 45862 | AC1: 45863 | AD1: 45864 | AE1: 45865 | AF1: 45866 | AG1: 45867 | AH1: 45868 | AI1: 45869 | AJ1: TOTAL SL
A2: AGAS, JILLIAN LAO | B2: ='Jun2025 '!B2+1.25- (COUNTIF(E2:AI2, "VL") * 1) - (COUNTIF(E2:AI2, "HDL") * 0.5) -> 6.75 | C2: ='Jun2025 '!C2-COUNTIF(E2:AI2, "SL")-(COUNTIF(E2:AI2, "HDSL") * 0.5) -> 1 | D2: ='Jun2025 '!D2-COUNTIF(E2:AI2, "SPL") -> 0 | AJ2: =COUNTIF(E2:AI2,"SL") -> 0
A3: AGUILAR, IAN MYCO | B3: ='Jun2025 '!B3+1.25- (COUNTIF(E3:AI3, "VL") * 1) - (COUNTIF(E3:AI3, "HDL") * 0.5) -> 12.75 | C3: ='Jun2025 '!C3-COUNTIF(E3:AI3, "SL")-(COUNTIF(E3:AI3, "HDSL") * 0.5) -> 1 | D3: ='Jun2025 '!D3-COUNTIF(E3:AI3, "SPL") -> 0 | E3: VL | F3: VL | S3: SL | AC3: SL | AG3: VL | AJ3: =COUNTIF(E3:AI3,"SL") -> 2
A4: ALIMURONG, JOEL LUSUNG | B4: ='Jun2025 '!B4+1.25- (COUNTIF(E4:AI4, "VL") * 1) - (COUNTIF(E4:AI4, "HDL") * 0.5) -> 11.5 | C4: ='Jun2025 '!C4-COUNTIF(E4:AI4, "SL")-(COUNTIF(E4:AI4, "HDSL") * 0.5) -> 0 | D4: ='Jun2025 '!D4-COUNTIF(E4:AI4, "SPL") -> 0 | Z4: VL | AA4: VL | AB4: VL | AC4: VL | AJ4: =COUNTIF(E4:AI4,"SL") -> 0
A5: ANTONIO, VINCENT KEVIN SANTOS | B5: ='Jun2025 '!B5+1.25- (COUNTIF(E5:AI5, "VL") * 1) - (COUNTIF(E5:AI5, "HDL") * 0.5) -> 7.25 | C5: ='Jun2025 '!C5-COUNTIF(E5:AI5, "SL")-(COUNTIF(E5:AI5, "HDSL") * 0.5) -> 0.5 | D5: ='Jun2025 '!D5-COUNTIF(E5:AI5, "SPL") -> 0 | F5: SL | AA5: VL | AB5: VL | AC5: VL | AD5: VL | AJ5: =COUNTIF(E5:AI5,"SL") -> 1
A6: AUSTRIA, LOUIS FERNAND BALUYOT | B6: ='Jun2025 '!B6+1.25- (COUNTIF(E6:AI6, "VL") * 1) - (COUNTIF(E6:AI6, "HDL") * 0.5) -> 7.75 | C6: ='Jun2025 '!C6-COUNTIF(E6:AI6, "SL")-(COUNTIF(E6:AI6, "HDSL") * 0.5) -> 4 | D6: ='Jun2025 '!D6-COUNTIF(E6:AI6, "SPL") -> 0 | AJ6: =COUNTIF(E6:AI6,"SL") -> 0
A7: BACONGALLO, NIKA NUEVA | B7: ='Jun2025 '!B7+1.25- (COUNTIF(E7:AI7, "VL") * 1) - (COUNTIF(E7:AI7, "HDL") * 0.5) -> 2.5 | C7: ='Jun2025 '!C7-COUNTIF(E7:AI7, "SL")-(COUNTIF(E7:AI7, "HDSL") * 0.5) -> 1 | D7: ='Jun2025 '!D7-COUNTIF(E7:AI7, "SPL") -> 0 | F7: VL | J7: VL | K7: VL | L7: VL | M7: VL | AJ7: =COUNTIF(E7:AI7,"SL") -> 0
A8: BANSIL, KRISTIAN DAVID | B8: ='Jun2025 '!B8+1.25- (COUNTIF(E8:AI8, "VL") * 1) - (COUNTIF(E8:AI8, "HDL") * 0.5) -> 2.25 | C8: ='Jun2025 '!C8-COUNTIF(E8:AI8, "SL")-(COUNTIF(E8:AI8, "HDSL") * 0.5) -> 4 | D8: ='Jun2025 '!D8-COUNTIF(E8:AI8, "SPL") -> 0 | AA8: VL | AB8: VL | AC8: VL | AJ8: =COUNTIF(E8:AI8,"SL") -> 0
A9: BALDERAS, GLORY ANN GARCIA | B9: ='Jun2025 '!B9+1.25- (COUNTIF(E9:AI9, "VL") * 1) - (COUNTIF(E9:AI9, "HDL") * 0.5) -> 0.25 | C9: ='Jun2025 '!C9-COUNTIF(E9:AI9, "SL")-(COUNTIF(E9:AI9, "HDSL") * 0.5) -> 1.9166667 | D9: ='Jun2025 '!D9-COUNTIF(E9:AI9, "SPL") -> 0 | E9: VL | AJ9: =COUNTIF(E9:AI9,"SL") -> 0
A10: BENALLA, RENNECA Villapaña | B10: ='Jun2025 '!B10+1.25- (COUNTIF(E10:AI10, "VL") * 1) - (COUNTIF(E10:AI10, "HDL") * 0.5) -> 12 | C10: ='Jun2025 '!C10-COUNTIF(E10:AI10, "SL")-(COUNTIF(E10:AI10, "HDSL") * 0.5) -> 5 | D10: ='Jun2025 '!D10-COUNTIF(E10:AI10, "SPL") -> 0 | AJ10: =COUNTIF(E10:AI10,"SL") -> 0
A11: BONDOC, FRANCIS EUGENE AGUHAYON | B11: ='Jun2025 '!B11+1.25- (COUNTIF(E11:AI11, "VL") * 1) - (COUNTIF(E11:AI11, "HDL") * 0.5) -> 11.25 | C11: ='Jun2025 '!C11+0.416666666666666-COUNTIF(E11:AI11, "SL")-(COUNTIF(E11:AI11, "HDSL") * 0.5) -> 2.75 | D11: ='Jun2025 '!D11-COUNTIF(E11:AI11, "SPL") -> 0 | AJ11: =COUNTIF(E11:AI11,"SL") -> 0
A12: CAMERINO, YRIS GAELLE PARREÑAS | B12: ='Jun2025 '!B12+1.25- (COUNTIF(E12:AI12, "VL") * 1) - (COUNTIF(E12:AI12, "HDL") * 0.5) -> 5.25 | C12: ='Jun2025 '!C12-COUNTIF(E12:AI12, "SL")-(COUNTIF(E12:AI12, "HDSL") * 0.5) -> 4 | D12: ='Jun2025 '!D12-COUNTIF(E12:AI12, "SPL") -> 0 | AJ12: =COUNTIF(E12:AI12,"SL") -> 0
A13: CAPATI, ALLEN SOBREPENA | B13: ='Jun2025 '!B13+1.25- (COUNTIF(E13:AI13, "VL") * 1) - (COUNTIF(E13:AI13, "HDL") * 0.5) -> 10 | C13: ='Jun2025 '!C13+0.416-COUNTIF(E13:AI13, "SL")-(COUNTIF(E13:AI13, "HDSL") * 0.5) -> 2.332 | D13: ='Jun2025 '!D13-COUNTIF(E13:AI13, "SPL") -> 0 | AJ13: =COUNTIF(E13:AI13,"SL") -> 0
A14: CASTRO, AIZEL SANTOS | B14: ='Jun2025 '!B14+1.25- (COUNTIF(E14:AI14, "VL") * 1) - (COUNTIF(E14:AI14, "HDL") * 0.5) -> 14 | C14: ='Jun2025 '!C14-COUNTIF(E14:AI14, "SL")-(COUNTIF(E14:AI14, "HDSL") * 0.5) -> 0.5 | D14: ='Jun2025 '!D14-COUNTIF(E14:AI14, "SPL") -> 0 | K14: VL | AJ14: =COUNTIF(E14:AI14,"SL") -> 0
A15: CASTILLANO, DENVER ORLANDA | B15: ='Jun2025 '!B15+1.25- (COUNTIF(E15:AI15, "VL") * 1) - (COUNTIF(E15:AI15, "HDL") * 0.5) -> 10.25 | C15: ='Jun2025 '!C15-COUNTIF(E15:AI15, "SL")-(COUNTIF(E15:AI15, "HDSL") * 0.5) -> 5 | D15: ='Jun2025 '!D15-COUNTIF(E15:AI15, "SPL") -> 0 | AJ15: =COUNTIF(E15:AI15,"SL") -> 0
A16: CATOLOGO, MARNIE | B16: ='Jun2025 '!B16+1.25- (COUNTIF(E16:AI16, "VL") * 1) - (COUNTIF(E16:AI16, "HDL") * 0.5) -> 6.25 | C16: ='Jun2025 '!C16-COUNTIF(E16:AI16, "SL")-(COUNTIF(E16:AI16, "HDSL") * 0.5) -> 0 | D16: ='Jun2025 '!D16-COUNTIF(E16:AI16, "SPL") -> 0 | AJ16: =COUNTIF(E16:AI16,"SL") -> 0
A17: CELESTE, LOVELAINE GUDOY | B17: ='Jun2025 '!B17+1.25- (COUNTIF(E17:AI17, "VL") * 1) - (COUNTIF(E17:AI17, "HDL") * 0.5) -> 10.25 | C17: ='Jun2025 '!C17+0.416666666666666-COUNTIF(E17:AI17, "SL")-(COUNTIF(E17:AI17, "HDSL") * 0.5) -> 1.5786667 | D17: ='Jun2025 '!D17-COUNTIF(E17:AI17, "SPL") -> 0 | H17: SL | T17: SL | AJ17: =COUNTIF(E17:AI17,"SL") -> 2
A18: COLIS, REYMARK BRYAN SILVANO | B18: ='Jun2025 '!B18+1.25- (COUNTIF(E18:AI18, "VL") * 1) - (COUNTIF(E18:AI18, "HDL") * 0.5) -> 10.875 | C18: ='Jun2025 '!C18-COUNTIF(E18:AI18, "SL")-(COUNTIF(E18:AI18, "HDSL") * 0.5) -> 2 | D18: ='Jun2025 '!D18-COUNTIF(E18:AI18, "SPL") -> 0 | AC18: VL | AJ18: =COUNTIF(E18:AI18,"SL") -> 0
A19: CRISANTO, ELRITZ T | B19: ='Jun2025 '!B19+1.25- (COUNTIF(E19:AI19, "VL") * 1) - (COUNTIF(E19:AI19, "HDL") * 0.5) -> 5.25 | C19: ='Jun2025 '!C19-COUNTIF(E19:AI19, "SL")-(COUNTIF(E19:AI19, "HDSL") * 0.5) -> 0 | D19: ='Jun2025 '!D19-COUNTIF(E19:AI19, "SPL") -> 0 | K19: HDL | T19: VL | U19: VL | AJ19: =COUNTIF(E19:AI19,"SL") -> 0
A20: DIMLA, JHOSUA | B20: ='Jun2025 '!B20+1.25- (COUNTIF(E20:AI20, "VL") * 1) - (COUNTIF(E20:AI20, "HDL") * 0.5) -> 10.25 | C20: ='Jun2025 '!C20+0.416666666666666-COUNTIF(E20:AI20, "SL")-(COUNTIF(E20:AI20, "HDSL") * 0.5) -> 2.75 | D20: ='Jun2025 '!D20-COUNTIF(E20:AI20, "SPL") -> 0 | X20: VL | AJ20: =COUNTIF(E20:AI20,"SL") -> 0
A21: DELA CRUZ, SHAINA DIMAYUGO | B21: ='Jun2025 '!B21+1.25- (COUNTIF(E21:AI21, "VL") * 1) - (COUNTIF(E21:AI21, "HDL") * 0.5) -> 4.5 | C21: ='Jun2025 '!C21-COUNTIF(E21:AI21, "SL")-(COUNTIF(E21:AI21, "HDSL") * 0.5) -> 1 | D21: ='Jun2025 '!D21-COUNTIF(E21:AI21, "SPL") -> 0 | AJ21: =COUNTIF(E21:AI21,"SL") -> 0
A22: ESTANIO, ANGELICA ROSARIO | B22: ='Jun2025 '!B22+1.25- (COUNTIF(E22:AI22, "VL") * 1) - (COUNTIF(E22:AI22, "HDL") * 0.5) -> 10 | C22: ='Jun2025 '!C22+0.416-COUNTIF(E22:AI22, "SL")-(COUNTIF(E22:AI22, "HDSL") * 0.5) -> 2.332 | D22: ='Jun2025 '!D22-COUNTIF(E22:AI22, "SPL") -> 0 | N22: SL | AJ22: =COUNTIF(E22:AI22,"SL") -> 1
A23: FERNANDEZ, FRANCIS EMMANUEL VELOSO | B23: ='Jun2025 '!B23+1.25- (COUNTIF(E23:AI23, "VL") * 1) - (COUNTIF(E23:AI23, "HDL") * 0.5) -> 4 | C23: ='Jun2025 '!C23-COUNTIF(E23:AI23, "SL")-(COUNTIF(E23:AI23, "HDSL") * 0.5) -> 0 | D23: ='Jun2025 '!D23-COUNTIF(E23:AI23, "SPL") -> 0 | AJ23: =COUNTIF(E23:AI23,"SL") -> 0
A24: GALGO, CEDRICK CRUZ | B24: ='Jun2025 '!B24+1.25- (COUNTIF(E24:AI24, "VL") * 1) - (COUNTIF(E24:AI24, "HDL") * 0.5) -> 1.75 | C24: ='Jun2025 '!C24-COUNTIF(E24:AI24, "SL")-(COUNTIF(E24:AI24, "HDSL") * 0.5) -> 0 | D24: ='Jun2025 '!D24-COUNTIF(E24:AI24, "SPL") -> 4 | F24: VL | G24: VL | H24: SL | M24: SL | N24: VL | O24: SL | S24: VL | T24: SL | U24: VL | V24: SL | AJ24: =COUNTIF(E24:AI24,"SL") -> 5
A25: GATBONTON, ANALIZA TALOBAN | B25: ='Jun2025 '!B25+1.25- (COUNTIF(E25:AI25, "VL") * 1) - (COUNTIF(E25:AI25, "HDL") * 0.5) -> 1.75 | C25: ='Jun2025 '!C25-COUNTIF(E25:AI25, "SL")-(COUNTIF(E25:AI25, "HDSL") * 0.5) -> 0.5 | D25: ='Jun2025 '!D25-COUNTIF(E25:AI25, "SPL") -> 0 | AJ25: =COUNTIF(E25:AI25,"SL") -> 0
A26: GATBONTON, BEVERLY TALOBAN | B26: ='Jun2025 '!B26+1.25- (COUNTIF(E26:AI26, "VL") * 1) - (COUNTIF(E26:AI26, "HDL") * 0.5) -> 3.5 | C26: ='Jun2025 '!C26-COUNTIF(E26:AI26, "SL")-(COUNTIF(E26:AI26, "HDSL") * 0.5) -> 1 | D26: ='Jun2025 '!D26-COUNTIF(E26:AI26, "SPL") -> 0 | H26: VL | AC26: SL | AJ26: =COUNTIF(E26:AI26,"SL") -> 1
A27: GUECO, JOHANA ROSE PEREZ | B27: ='Jun2025 '!B27+1.25- (COUNTIF(E27:AI27, "VL") * 1) - (COUNTIF(E27:AI27, "HDL") * 0.5) -> 1.75 | C27: ='Jun2025 '!C27-COUNTIF(E27:AI27, "SL")-(COUNTIF(E27:AI27, "HDSL") * 0.5) -> 1 | D27: ='Jun2025 '!D27-COUNTIF(E27:AI27, "SPL") -> 4 | W27: SL | AA27: VL | AB27: VL | AC27: VL | AD27: VL | AJ27: =COUNTIF(E27:AI27,"SL") -> 1
A28: JABINAL, ADONIS DEL MUNDO | B28: ='Jun2025 '!B28+1.25- (COUNTIF(E28:AI28, "VL") * 1) - (COUNTIF(E28:AI28, "HDL") * 0.5) -> 10 | C28: ='Jun2025 '!C28-COUNTIF(E28:AI28, "SL")-(COUNTIF(E28:AI28, "HDSL") * 0.5) -> 2.9166667 | D28: ='Jun2025 '!D28-COUNTIF(E28:AI28, "SPL") -> 0 | AJ28: =COUNTIF(E28:AI28,"SL") -> 0
A29: JOSAFAT, RENALYN | B29: ='Jun2025 '!B29+1.25- (COUNTIF(E29:AI29, "VL") * 1) - (COUNTIF(E29:AI29, "HDL") * 0.5) -> 7.25 | C29: ='Jun2025 '!C29-COUNTIF(E29:AI29, "SL")-(COUNTIF(E29:AI29, "HDSL") * 0.5) -> 0 | D29: ='Jun2025 '!D29-COUNTIF(E29:AI29, "SPL") -> 0 | AG29: SL | AH29: VL | AJ29: =COUNTIF(E29:AI29,"SL") -> 1
A30: LOZANO, ALDWIN JOHN | B30: ='Jun2025 '!B30+1.25- (COUNTIF(E30:AI30, "VL") * 1) - (COUNTIF(E30:AI30, "HDL") * 0.5) -> 5.25 | C30: ='Jun2025 '!C30-COUNTIF(E30:AI30, "SL")-(COUNTIF(E30:AI30, "HDSL") * 0.5) -> 0 | D30: ='Jun2025 '!D30-COUNTIF(E30:AI30, "SPL") -> 0 | L30: VL | AF30: VL | AJ30: =COUNTIF(E30:AI30,"SL") -> 0
A31: MACAPAGAL, JEFFRY TUAZON | B31: ='Jun2025 '!B31+1.25- (COUNTIF(E31:AI31, "VL") * 1) - (COUNTIF(E31:AI31, "HDL") * 0.5) -> 10 | C31: ='Jun2025 '!C31+0.416666666666666-COUNTIF(E31:AI31, "SL")-(COUNTIF(E31:AI31, "HDSL") * 0.5) -> 3.3333333 | D31: ='Jun2025 '!D31-COUNTIF(E31:AI31, "SPL") -> 0 | AJ31: =COUNTIF(E31:AI31,"SL") -> 0
A32: MACLANG, JULIE ANNE GUINTO | B32: ='Jun2025 '!B32+1.25- (COUNTIF(E32:AI32, "VL") * 1) - (COUNTIF(E32:AI32, "HDL") * 0.5) -> 9.25 | C32: ='Jun2025 '!C32+0.416666666666666-COUNTIF(E32:AI32, "SL")-(COUNTIF(E32:AI32, "HDSL") * 0.5) -> 2.75 | D32: ='Jun2025 '!D32-COUNTIF(E32:AI32, "SPL") -> 0 | E32: VL | F32: VL | AD32: SL | AJ32: =COUNTIF(E32:AI32,"SL") -> 1
A33: MAKABENTA, ALTHEA | B33: ='Jun2025 '!B33+1.25- (COUNTIF(E33:AI33, "VL") * 1) - (COUNTIF(E33:AI33, "HDL") * 0.5) -> 9.25 | C33: ='Jun2025 '!C33+0.416666666666666-COUNTIF(E33:AI33, "SL")-(COUNTIF(E33:AI33, "HDSL") * 0.5) -> 1.75 | D33: ='Jun2025 '!D33-COUNTIF(E33:AI33, "SPL") -> 0 | AJ33: =COUNTIF(E33:AI33,"SL") -> 0
A34: MALINAO, ROGELIO DELA PENA | B34: ='Jun2025 '!B34+1.25- (COUNTIF(E34:AI34, "VL") * 1) - (COUNTIF(E34:AI34, "HDL") * 0.5) -> 6.5 | C34: ='Jun2025 '!C34-COUNTIF(E34:AI34, "SL")-(COUNTIF(E34:AI34, "HDSL") * 0.5) -> 0 | D34: ='Jun2025 '!D34-COUNTIF(E34:AI34, "SPL") -> 0 | F34: SL | T34: VL | U34: VL | AF34: VL | AJ34: =COUNTIF(E34:AI34,"SL") -> 1
A35: MATAGA, EDITH DAVID | B35: ='Jun2025 '!B35+1.25- (COUNTIF(E35:AI35, "VL") * 1) - (COUNTIF(E35:AI35, "HDL") * 0.5) -> 1.25 | C35: ='Jun2025 '!C35-COUNTIF(E35:AI35, "SL")-(COUNTIF(E35:AI35, "HDSL") * 0.5) -> 0 | D35: ='Jun2025 '!D35-COUNTIF(E35:AI35, "SPL") -> 0 | U35: HDL | V35: VL | AJ35: =COUNTIF(E35:AI35,"SL") -> 0
A36: MAR, CHRISTIAN NIODA | B36: ='Jun2025 '!B36+1.25- (COUNTIF(E36:AI36, "VL") * 1) - (COUNTIF(E36:AI36, "HDL") * 0.5) -> 9.25 | C36: ='Jun2025 '!C36+0.416666666666666-COUNTIF(E36:AI36, "SL")-(COUNTIF(E36:AI36, "HDSL") * 0.5) -> 3.75 | D36: ='Jun2025 '!D36-COUNTIF(E36:AI36, "SPL") -> 0 | AI36: VL | AJ36: =COUNTIF(E36:AI36,"SL") -> 0
A37: MENDOZA , SEAN JUSTINE F | B37: ='Jun2025 '!B37+1.25- (COUNTIF(E37:AI37, "VL") * 1) - (COUNTIF(E37:AI37, "HDL") * 0.5) -> 12 | C37: ='Jun2025 '!C37-COUNTIF(E37:AI37, "SL")-(COUNTIF(E37:AI37, "HDSL") * 0.5) -> 3 | D37: ='Jun2025 '!D37-COUNTIF(E37:AI37, "SPL") -> 0 | AJ37: =COUNTIF(E37:AI37,"SL") -> 0
A38: MONIS, JOSHWEA MERCADO | B38: ='Jun2025 '!B38+1.25- (COUNTIF(E38:AI38, "VL") * 1) - (COUNTIF(E38:AI38, "HDL") * 0.5) -> 6 | C38: ='Jun2025 '!C38+0.416666666666666-COUNTIF(E38:AI38, "SL")-(COUNTIF(E38:AI38, "HDSL") * 0.5) -> 1.3333333 | D38: ='Jun2025 '!D38-COUNTIF(E38:AI38, "SPL") -> 0 | L38: VL | M38: VL | N38: VL | O38: VL | S38: SL | AJ38: =COUNTIF(E38:AI38,"SL") -> 1
A39: NAVALON, EVANEL CAACBAY | B39: ='Jun2025 '!B39+1.25- (COUNTIF(E39:AI39, "VL") * 1) - (COUNTIF(E39:AI39, "HDL") * 0.5) -> 8.75 | C39: ='Jun2025 '!C39-COUNTIF(E39:AI39, "SL")-(COUNTIF(E39:AI39, "HDSL") * 0.5) -> 1 | D39: ='Jun2025 '!D39-COUNTIF(E39:AI39, "SPL") -> 0 | E39: SL | R39: SL | AJ39: =COUNTIF(E39:AI39,"SL") -> 2
A40: NUÑEZ, IVY | B40: ='Jun2025 '!B40+1.25- (COUNTIF(E40:AI40, "VL") * 1) - (COUNTIF(E40:AI40, "HDL") * 0.5) -> 7.75 | C40: ='Jun2025 '!C40+0.416666666666666-COUNTIF(E40:AI40, "SL")-(COUNTIF(E40:AI40, "HDSL") * 0.5) -> 3.5793333 | D40: ='Jun2025 '!D40-COUNTIF(E40:AI40, "SPL") -> 0 | AJ40: =COUNTIF(E40:AI40,"SL") -> 0
A41: OCAMPO, ALFRED NAGUIT | B41: ='Jun2025 '!B41+1.25- (COUNTIF(E41:AI41, "VL") * 1) - (COUNTIF(E41:AI41, "HDL") * 0.5) -> 5.25 | C41: ='Jun2025 '!C41-COUNTIF(E41:AI41, "SL")-(COUNTIF(E41:AI41, "HDSL") * 0.5) -> 3 | D41: ='Jun2025 '!D41-COUNTIF(E41:AI41, "SPL") -> 0 | Y41: VL | Z41: VL | AA41: VL | AB41: VL | AC41: VL | AJ41: =COUNTIF(E41:AI41,"SL") -> 0
A42: OTSUKA, SHIGERU CENTINA | B42: ='Jun2025 '!B42+1.25- (COUNTIF(E42:AI42, "VL") * 1) - (COUNTIF(E42:AI42, "HDL") * 0.5) -> 7.25 | C42: ='Jun2025 '!C42-COUNTIF(E42:AI42, "SL")-(COUNTIF(E42:AI42, "HDSL") * 0.5) -> 0.5 | D42: ='Jun2025 '!D42-COUNTIF(E42:AI42, "SPL") -> 0 | AJ42: =COUNTIF(E42:AI42,"SL") -> 0
A43: PABILLANO, FRANKLIN ROOS C | B43: ='Jun2025 '!B43+1.25- (COUNTIF(E43:AI43, "VL") * 1) - (COUNTIF(E43:AI43, "HDL") * 0.5) -> 22.75 | C43: ='Jun2025 '!C43-COUNTIF(E43:AI43, "SL")-(COUNTIF(E43:AI43, "HDSL") * 0.5) -> 1 | D43: ='Jun2025 '!D43-COUNTIF(E43:AI43, "SPL") -> 0 | AH43: SL | AJ43: =COUNTIF(E43:AI43,"SL") -> 1
A44: PANGAN, CRISTINA MIRANDA | B44: ='Jun2025 '!B44+1.25- (COUNTIF(E44:AI44, "VL") * 1) - (COUNTIF(E44:AI44, "HDL") * 0.5) -> 11.25 | C44: ='Jun2025 '!C44-COUNTIF(E44:AI44, "SL")-(COUNTIF(E44:AI44, "HDSL") * 0.5) -> 4.5 | D44: ='Jun2025 '!D44-COUNTIF(E44:AI44, "SPL") -> 0 | AJ44: =COUNTIF(E44:AI44,"SL") -> 0
A45: PATRIMONIO, RYAN REX | B45: ='Jun2025 '!B45+1.25- (COUNTIF(E45:AI45, "VL") * 1) - (COUNTIF(E45:AI45, "HDL") * 0.5) -> 0.75 | C45: ='Jun2025 '!C45-COUNTIF(E45:AI45, "SL")-(COUNTIF(E45:AI45, "HDSL") * 0.5) -> 0.5 | D45: ='Jun2025 '!D45-COUNTIF(E45:AI45, "SPL") -> 0 | E45: VL | T45: VL | AJ45: =COUNTIF(E45:AI45,"SL") -> 0
A46: PINEDA, ERIKA SERIOSA | B46: =Sept2025!B46+1.25- 'Jul2025'!Y16 -> 9 | C46: ='Jun2025 '!C46-COUNTIF(E46:AI46, "SL")-(COUNTIF(E46:AI46, "HDSL") * 0.5) -> 2 | D46: ='Jun2025 '!D46-COUNTIF(E46:AI46, "SPL") -> 0 | W46: HDL | AA46: VL | AB46: VL | AC46: VL | AD46: VL | AJ46: =COUNTIF(E46:AI46,"SL") -> 0
A47: PLATERO, MA. CHARISMA | B47: ='Jun2025 '!B47+1.25- (COUNTIF(E47:AI47, "VL") * 1) - (COUNTIF(E47:AI47, "HDL") * 0.5) -> 16.5 | C47: ='Jun2025 '!C47-COUNTIF(E47:AI47, "SL")-(COUNTIF(E47:AI47, "HDSL") * 0.5) -> 7.5 | D47: ='Jun2025 '!D47-COUNTIF(E47:AI47, "SPL") -> 0 | AJ47: =COUNTIF(E47:AI47,"SL") -> 0
A48: RONQUILLO, RHEGENE INGAT | B48: ='Jun2025 '!B48+1.25- (COUNTIF(E48:AI48, "VL") * 1) - (COUNTIF(E48:AI48, "HDL") * 0.5) -> 1.75 | C48: ='Jun2025 '!C48-COUNTIF(E48:AI48, "SL")-(COUNTIF(E48:AI48, "HDSL") * 0.5) -> 3 | D48: ='Jun2025 '!D48-COUNTIF(E48:AI48, "SPL") -> 0 | W48: VL | AJ48: =COUNTIF(E48:AI48,"SL") -> 0
A49: SAMODIO, JHUNEL CARLO TRAIFALGAR | B49: ='Jun2025 '!B49+1.25- (COUNTIF(E42:AI42, "VL") * 1) - (COUNTIF(E42:AI42, "HDL") * 0.5) -> 23 | C49: ='Jun2025 '!C49-COUNTIF(E49:AI49, "SL")-(COUNTIF(E49:AI49, "HDSL") * 0.5) -> 2 | D49: ='Jun2025 '!D49-COUNTIF(E49:AI49, "SPL") -> 0 | AA49: VL | AB49: VL | AC49: VL | AJ49: =COUNTIF(E49:AI49,"SL") -> 0
